[[-35.9129050000,-63.3889910000],
[-35.9012490000,-63.3891080000],
[-35.8983400000,-63.3891370000],
[-35.8834630000,-63.3892860000],
[-35.8291520000,-63.3898360000],
[-35.8174960000,-63.3899520000],
[-35.7570500000,-63.3897210000],
[-35.7006580000,-63.3895160000],
[-35.6849490000,-63.3894650000],
[-35.6832500000,-63.3894540000],
[-35.6274150000,-63.3892110000],
[-35.6128500000,-63.3891520000],
[-35.5762080000,-63.3890050000],
[-35.5407480000,-63.3893590000],
[-35.4988470000,-63.3897580000],
[-35.4686420000,-63.3900470000],
[-35.4586880000,-63.3901430000],
[-35.4355870000,-63.3903660000],
[-35.3965410000,-63.3905390000],
[-35.3787930000,-63.3906160000],
[-35.3654860000,-63.3906620000],
[-35.3324390000,-63.3907960000],
[-35.3244400000,-63.3908580000],
[-35.2523300000,-63.3914730000],
[-35.2192460000,-63.3917530000],
[-35.1802340000,-63.3923120000],
[-35.1449690000,-63.3928210000],
[-35.1081280000,-63.3933520000],
[-35.0653420000,-63.3939680000],
[-35.0360250000,-63.3937390000],
[-35.0012700000,-63.3934680000],
[-34.9979760000,-63.3934410000],
[-34.9979140000,-63.4761280000],
[-34.9979210000,-63.4786630000],
[-34.9981020000,-63.5662780000],
[-34.9981760000,-63.6153890000],
[-34.9982290000,-63.6539160000],
[-34.9982670000,-63.6944580000],
[-34.9981790000,-63.7415440000],
[-34.9980790000,-63.7812830000],
[-34.9979580000,-63.8291650000],
[-34.9977300000,-63.9006840000],
[-34.9977280000,-63.9168020000],
[-34.9977160000,-63.9395570000],
[-34.9976690000,-64.0044240000],
[-34.9976370000,-64.0270130000],
[-34.9975760000,-64.0723030000],
[-34.9976540000,-64.0920440000],
[-34.9977130000,-64.1098860000],
[-34.9978780000,-64.1596700000],
[-34.9979370000,-64.1796680000],
[-34.9981250000,-64.2476000000],
[-34.9980700000,-64.2672740000],
[-34.9979080000,-64.3234060000],
[-34.9978160000,-64.3548960000],
[-34.9976790000,-64.3938340000],
[-34.9968720000,-64.4425040000],
[-34.9975490000,-64.4853130000],
[-34.9975680000,-64.4865230000],
[-34.9976030000,-64.5012640000],
[-34.9977200000,-64.5888790000],
[-34.9977260000,-64.5971890000],
[-34.9977970000,-64.6764900000],
[-34.9977980000,-64.6991000000],
[-34.9977970000,-64.7641060000],
[-34.9977470000,-64.8517210000],
[-34.9976160000,-64.9393460000],
[-34.9974300000,-65.0269670000],
[-34.9972020000,-65.1075650000],
[-35.0697400000,-65.1072450000],
[-35.0874500000,-65.1071700000],
[-35.1418440000,-65.1069360000],
[-35.2139470000,-65.1066250000],
[-35.2860490000,-65.1063170000],
[-35.3581500000,-65.1059990000],
[-35.3797720000,-65.1059010000],
[-35.4302420000,-65.1056790000],
[-35.5023410000,-65.1053520000],
[-35.5744400000,-65.1050360000],
[-35.5858770000,-65.1049830000],
[-35.6465380000,-65.1047020000],
[-35.7186350000,-65.1043850000],
[-35.7907310000,-65.1040550000],
[-35.8072230000,-65.1039750000],
[-35.8628270000,-65.1037150000],
[-35.9349210000,-65.1033890000],
[-35.9964800000,-65.1031030000],
[-35.9965580000,-65.1160670000],
[-35.9967480000,-65.1510650000],
[-35.9970440000,-65.2047880000],
[-35.9974730000,-65.2934970000],
[-35.9978370000,-65.3822220000],
[-35.9981260000,-65.4709500000],
[-35.9983580000,-65.5596700000],
[-35.9983840000,-65.5756620000],
[-35.9985160000,-65.6483910000],
[-35.9986170000,-65.7371130000],
[-35.9986520000,-65.8258360000],
[-35.9986130000,-65.9145700000],
[-35.9985170000,-66.0032840000],
[-35.9985170000,-66.0042910000],
[-35.9983560000,-66.0920100000],
[-35.9981200000,-66.1807320000],
[-35.9979370000,-66.2388050000],
[-35.9980250000,-66.2694590000],
[-35.9982350000,-66.3581820000],
[-35.9983700000,-66.4469070000],
[-35.9984480000,-66.5356300000],
[-35.9984610000,-66.6243590000],
[-35.9984650000,-66.6269660000],
[-35.9984080000,-66.7130830000],
[-35.9983600000,-66.7482610000],
[-35.9983400000,-66.7650350000],
[-35.9982890000,-66.8017960000],
[-35.9981000000,-66.8905190000],
[-35.9978550000,-66.9792320000],
[-35.9978200000,-66.9889940000],
[-35.9975390000,-67.0679510000],
[-35.9975070000,-67.0755530000],
[-35.9973110000,-67.1211770000],
[-35.9972960000,-67.1245030000],
[-35.9971540000,-67.1566560000],
[-35.9967120000,-67.2453650000],
[-35.9961990000,-67.3340700000],
[-35.9956170000,-67.4227740000],
[-35.9950190000,-67.5050250000],
[-35.9975510000,-67.5813230000],
[-35.9978400000,-67.6700260000],
[-35.9980680000,-67.7587350000],
[-35.9982300000,-67.8474510000],
[-35.9983260000,-67.9361630000],
[-35.9983610000,-68.0248900000],
[-35.9983210000,-68.1135990000],
[-35.9982290000,-68.2023160000],
[-35.9980540000,-68.2910370000],
[-35.9980470000,-68.2944550000],
[-35.9980430000,-68.2967580000],
[-36.0138560000,-68.2967570000],
[-36.0654920000,-68.2967650000],
[-36.1375900000,-68.2967660000],
[-36.1658080000,-68.2967840000],
[-36.1652350000,-68.2426680000],
[-36.2364180000,-68.2417030000],
[-36.3085120000,-68.2418400000],
[-36.3806050000,-68.2419810000],
[-36.4526930000,-68.2421150000],
[-36.5247800000,-68.2422520000],
[-36.5968630000,-68.2423790000],
[-36.6419480000,-68.2424700000],
[-36.6689520000,-68.2425570000],
[-36.7410440000,-68.2427960000],
[-36.8105770000,-68.2430250000],
[-36.8131270000,-68.2430320000],
[-36.8852080000,-68.2432670000],
[-36.9572980000,-68.2435000000],
[-37.0293780000,-68.2437400000],
[-37.0392830000,-68.2437760000],
[-37.1014530000,-68.2437570000],
[-37.1735320000,-68.2437370000],
[-37.2456190000,-68.2437240000],
[-37.3176970000,-68.2436980000],
[-37.3897780000,-68.2436770000],
[-37.4484810000,-68.2436680000],
[-37.4618490000,-68.2436630000],
[-37.5259980000,-68.2436410000],
[-37.5339250000,-68.2436500000],
[-37.5774140000,-68.2437410000],
[-37.5783460000,-68.2411460000],
[-37.5792830000,-68.2383080000],
[-37.5802200000,-68.2354750000],
[-37.5811300000,-68.2326130000],
[-37.5820220000,-68.2297360000],
[-37.5828600000,-68.2268690000],
[-37.5836710000,-68.2239840000],
[-37.5844010000,-68.2210630000],
[-37.5850690000,-68.2181310000],
[-37.5856470000,-68.2151710000],
[-37.5861360000,-68.2121800000],
[-37.5865440000,-68.2091360000],
[-37.5868530000,-68.2060770000],
[-37.5870730000,-68.2030080000],
[-37.5872200000,-68.1999420000],
[-37.5872770000,-68.1968810000],
[-37.5872530000,-68.1938300000],
[-37.5871020000,-68.1907920000],
[-37.5868340000,-68.1877530000],
[-37.5865130000,-68.1846950000],
[-37.5861550000,-68.1816540000],
[-37.5857970000,-68.1786040000],
[-37.5854920000,-68.1755620000],
[-37.5852510000,-68.1725130000],
[-37.5851180000,-68.1694670000],
[-37.5850660000,-68.1664060000],
[-37.5850690000,-68.1633300000],
[-37.5851430000,-68.1602500000],
[-37.5852980000,-68.1571900000],
[-37.5855250000,-68.1541370000],
[-37.5858500000,-68.1511190000],
[-37.5862300000,-68.1480930000],
[-37.5866320000,-68.1450760000],
[-37.5870870000,-68.1420560000],
[-37.5875560000,-68.1390410000],
[-37.5880790000,-68.1360560000],
[-37.5886380000,-68.1330610000],
[-37.5892230000,-68.1300750000],
[-37.5898440000,-68.1271120000],
[-37.5905100000,-68.1241680000],
[-37.5912290000,-68.1212480000],
[-37.5920910000,-68.1183740000],
[-37.5930250000,-68.1155340000],
[-37.5939950000,-68.1126970000],
[-37.5949620000,-68.1100070000],
[-37.5959780000,-68.1070590000],
[-37.5968850000,-68.1042200000],
[-37.5977010000,-68.1013560000],
[-37.5983840000,-68.0984370000],
[-37.5988780000,-68.0954820000],
[-37.5991840000,-68.0924530000],
[-37.5993550000,-68.0893870000],
[-37.5994370000,-68.0863010000],
[-37.5994650000,-68.0832110000],
[-37.5995010000,-68.0801240000],
[-37.5995730000,-68.0770660000],
[-37.5996000000,-68.0740010000],
[-37.5995990000,-68.0709410000],
[-37.5995720000,-68.0678780000],
[-37.5995360000,-68.0648000000],
[-37.5995180000,-68.0617310000],
[-37.5995080000,-68.0586740000],
[-37.5995520000,-68.0556240000],
[-37.5996320000,-68.0525610000],
[-37.5997670000,-68.0495020000],
[-37.5999280000,-68.0464490000],
[-37.6001340000,-68.0434040000],
[-37.6003580000,-68.0403390000],
[-37.6006180000,-68.0372830000],
[-37.6009050000,-68.0342480000],
[-37.6012270000,-68.0312080000],
[-37.6015760000,-68.0281860000],
[-37.6019710000,-68.0251570000],
[-37.6024100000,-68.0221430000],
[-37.6029030000,-68.0191390000],
[-37.6034090000,-68.0161460000],
[-37.6039380000,-68.0131460000],
[-37.6044880000,-68.0101540000],
[-37.6050170000,-68.0071620000],
[-37.6055180000,-68.0041670000],
[-37.6059930000,-68.0011670000],
[-37.6064130000,-67.9981520000],
[-37.6067700000,-67.9951270000],
[-37.6070560000,-67.9920920000],
[-37.6072790000,-67.9890380000],
[-37.6074380000,-67.9859820000],
[-37.6075620000,-67.9829220000],
[-37.6076670000,-67.9798530000],
[-37.6077640000,-67.9767870000],
[-37.6078690000,-67.9737300000],
[-37.6079750000,-67.9706530000],
[-37.6080890000,-67.9676040000],
[-37.6081940000,-67.9645350000],
[-37.6082720000,-67.9614770000],
[-37.6083500000,-67.9584130000],
[-37.6084360000,-67.9553500000],
[-37.6085320000,-67.9522920000],
[-37.6086370000,-67.9492400000],
[-37.6087680000,-67.9461690000],
[-37.6089540000,-67.9431170000],
[-37.6091480000,-67.9400640000],
[-37.6093700000,-67.9370150000],
[-37.6096000000,-67.9339670000],
[-37.6098480000,-67.9309160000],
[-37.6100870000,-67.9278730000],
[-37.6103350000,-67.9248220000],
[-37.6105920000,-67.9217820000],
[-37.6108300000,-67.9187340000],
[-37.6110600000,-67.9156790000],
[-37.6112720000,-67.9126270000],
[-37.6114660000,-67.9095630000],
[-37.6116140000,-67.9065240000],
[-37.6116730000,-67.9034280000],
[-37.6116770000,-67.9003510000],
[-37.6116820000,-67.8972650000],
[-37.6116950000,-67.8941990000],
[-37.6117630000,-67.8911350000],
[-37.6119190000,-67.8880960000],
[-37.6122110000,-67.8850630000],
[-37.6126460000,-67.8820870000],
[-37.6131890000,-67.8791110000],
[-37.6138400000,-67.8761460000],
[-37.6145530000,-67.8732220000],
[-37.6153290000,-67.8703000000],
[-37.6161230000,-67.8673840000],
[-37.6169250000,-67.8644790000],
[-37.6177100000,-67.8615690000],
[-37.6184320000,-67.8586220000],
[-37.6190830000,-67.8556000000],
[-37.6197530000,-67.8525650000],
[-37.6204840000,-67.8495840000],
[-37.6213490000,-67.8467150000],
[-37.6224270000,-67.8440380000],
[-37.6253640000,-67.8394150000],
[-37.6272050000,-67.8374300000],
[-37.6290470000,-67.8357030000],
[-37.6291800000,-67.8355820000],
[-37.6312080000,-67.8337600000],
[-37.6332450000,-67.8319470000],
[-37.6352120000,-67.8300460000],
[-37.6370180000,-67.8280010000],
[-37.6386390000,-67.8257460000],
[-37.6401170000,-67.8233390000],
[-37.6414990000,-67.8207980000],
[-37.6427910000,-67.8181700000],
[-37.6440130000,-67.8154890000],
[-37.6451980000,-67.8127960000],
[-37.6463660000,-67.8100740000],
[-37.6473910000,-67.8072720000],
[-37.6483100000,-67.8043630000],
[-37.6491750000,-67.8014010000],
[-37.6500660000,-67.7984660000],
[-37.6510280000,-67.7956310000],
[-37.6521410000,-67.7929640000],
[-37.6534670000,-67.7905060000],
[-37.6550490000,-67.7883620000],
[-37.6569230000,-67.7865290000],
[-37.6590010000,-67.7849270000],
[-37.6612130000,-67.7834680000],
[-37.6634770000,-67.7820770000],
[-37.6657140000,-67.7806740000],
[-37.6678720000,-67.7791590000],
[-37.6699510000,-67.7775060000],
[-37.6720130000,-67.7757560000],
[-37.6740750000,-67.7740140000],
[-37.6761640000,-67.7723440000],
[-37.6782940000,-67.7708560000],
[-37.6804840000,-67.7696050000],
[-37.6827410000,-67.7686750000],
[-37.6850740000,-67.7680900000],
[-37.6874490000,-67.7677150000],
[-37.6898750000,-67.7675240000],
[-37.6923090000,-67.7674340000],
[-37.6947860000,-67.7674330000],
[-37.6972630000,-67.7674840000],
[-37.6997400000,-67.7674970000],
[-37.7022090000,-67.7674450000],
[-37.7046530000,-67.7672880000],
[-37.7070720000,-67.7669710000],
[-37.7094840000,-67.7665290000],
[-37.7118870000,-67.7660390000],
[-37.7142830000,-67.7654580000],
[-37.7166710000,-67.7648370000],
[-37.7190590000,-67.7641800000],
[-37.7214390000,-67.7634900000],
[-37.7238100000,-67.7627640000],
[-37.7261810000,-67.7620240000],
[-37.7285350000,-67.7612400000],
[-37.7308630000,-67.7603880000],
[-37.7331920000,-67.7594450000],
[-37.7355040000,-67.7584810000],
[-37.7378160000,-67.7574900000],
[-37.7401270000,-67.7565210000],
[-37.7424470000,-67.7556170000],
[-37.7447930000,-67.7547590000],
[-37.7471640000,-67.7540350000],
[-37.7495440000,-67.7533400000],
[-37.7519320000,-67.7526730000],
[-37.7543120000,-67.7519710000],
[-37.7566650000,-67.7511930000],
[-37.7589940000,-67.7503060000],
[-37.7612790000,-67.7492850000],
[-37.7635560000,-67.7482150000],
[-37.7658260000,-67.7470540000],
[-37.7680600000,-67.7458440000],
[-37.7702940000,-67.7445970000],
[-37.7725030000,-67.7432820000],
[-37.7746940000,-67.7419370000],
[-37.7768670000,-67.7405530000],
[-37.7789970000,-67.7390760000],
[-37.7810750000,-67.7374820000],
[-37.7831350000,-67.7358300000],
[-37.7851860000,-67.7341590000],
[-37.7872380000,-67.7324950000],
[-37.7893240000,-67.7308840000],
[-37.7914540000,-67.7294010000],
[-37.7936190000,-67.7280040000],
[-37.7958100000,-67.7266590000],
[-37.7980180000,-67.7253310000],
[-37.8002000000,-67.7239740000],
[-37.8023560000,-67.7225510000],
[-37.8044620000,-67.7208170000],
[-37.8065110000,-67.7187220000],
[-37.8085640000,-67.7168790000],
[-37.8106600000,-67.7159000000],
[-37.8150640000,-67.7171820000],
[-37.8173310000,-67.7186660000],
[-37.8195960000,-67.7202510000],
[-37.8218820000,-67.7216080000],
[-37.8241830000,-67.7226180000],
[-37.8265110000,-67.7235440000],
[-37.8288400000,-67.7244440000],
[-37.8311700000,-67.7253100000],
[-37.8335080000,-67.7262140000],
[-37.8358270000,-67.7271710000],
[-37.8381180000,-67.7282010000],
[-37.8403990000,-67.7292970000],
[-37.8426710000,-67.7304290000],
[-37.8449150000,-67.7315950000],
[-37.8471580000,-67.7328290000],
[-37.8493640000,-67.7341190000],
[-37.8515880000,-67.7354210000],
[-37.8538930000,-67.7366760000],
[-37.8561430000,-67.7380750000],
[-37.8581810000,-67.7397220000],
[-37.8598620000,-67.7417820000],
[-37.8611950000,-67.7442810000],
[-37.8622970000,-67.7470740000],
[-37.8632900000,-67.7500010000],
[-37.8642820000,-67.7529360000],
[-37.8653760000,-67.7557090000],
[-37.8666990000,-67.7582290000],
[-37.8683420000,-67.7603480000],
[-37.8702430000,-67.7621540000],
[-37.8723180000,-67.7637490000],
[-37.8745310000,-67.7651690000],
[-37.8768090000,-67.7664820000],
[-37.8790950000,-67.7677670000],
[-37.8813280000,-67.7690450000],
[-37.8835620000,-67.7702690000],
[-37.8858340000,-67.7713660000],
[-37.8881330000,-67.7724130000],
[-37.8904320000,-67.7734630000],
[-37.8927220000,-67.7745380000],
[-37.8949750000,-67.7756780000],
[-37.8971990000,-67.7769450000],
[-37.8996030000,-67.7782610000],
[-37.9020590000,-67.7796280000],
[-37.9042690000,-67.7812160000],
[-37.9059430000,-67.7831410000],
[-37.9067800000,-67.7855460000],
[-37.9068540000,-67.7883960000],
[-37.9064550000,-67.7915240000],
[-37.9059100000,-67.7947970000],
[-37.9057610000,-67.7959550000],
[-37.9054900000,-67.7980640000],
[-37.9055240000,-67.8011770000],
[-37.9058290000,-67.8042140000],
[-37.9062680000,-67.8072720000],
[-37.9068340000,-67.8103130000],
[-37.9074840000,-67.8131260000],
[-37.9083470000,-67.8162080000],
[-37.9093220000,-67.8189780000],
[-37.9105330000,-67.8215920000],
[-37.9119720000,-67.8240600000],
[-37.9131080000,-67.8257970000],
[-37.9135390000,-67.8264560000],
[-37.9151420000,-67.8288240000],
[-37.9166980000,-67.8312410000],
[-37.9181010000,-67.8337490000],
[-37.9193570000,-67.8363880000],
[-37.9205490000,-67.8390780000],
[-37.9217500000,-67.8417720000],
[-37.9230060000,-67.8443900000],
[-37.9243900000,-67.8469100000],
[-37.9258830000,-67.8493550000],
[-37.9274490000,-67.8517260000],
[-37.9290700000,-67.8540210000],
[-37.9307420000,-67.8562610000],
[-37.9324550000,-67.8584570000],
[-37.9342000000,-67.8606190000],
[-37.9359950000,-67.8627140000],
[-37.9378460000,-67.8647060000],
[-37.9397720000,-67.8665690000],
[-37.9417800000,-67.8682950000],
[-37.9438440000,-67.8699280000],
[-37.9459540000,-67.8715000000],
[-37.9480730000,-67.8730500000],
[-37.9501650000,-67.8746250000],
[-37.9522290000,-67.8762610000],
[-37.9542930000,-67.8779060000],
[-37.9563650000,-67.8795380000],
[-37.9584480000,-67.8811350000],
[-37.9605770000,-67.8826460000],
[-37.9627430000,-67.8840380000],
[-37.9649760000,-67.8852470000],
[-37.9672640000,-67.8863640000],
[-37.9695620000,-67.8874390000],
[-37.9718220000,-67.8885920000],
[-37.9740040000,-67.8899110000],
[-37.9760630000,-67.8915450000],
[-37.9779490000,-67.8935540000],
[-37.9798070000,-67.8956420000],
[-37.9817320000,-67.8975240000],
[-37.9838540000,-67.8988810000],
[-37.9861260000,-67.8998760000],
[-37.9884820000,-67.9006430000],
[-37.9908860000,-67.9012820000],
[-37.9933090000,-67.9018690000],
[-38.0002730000,-67.9001330000],
[-38.0039010000,-67.8980470000],
[-38.0074430000,-67.8957050000],
[-38.0112330000,-67.8941910000],
[-38.0150910000,-67.8928810000],
[-38.0206700000,-67.8904600000],
[-38.0222800000,-67.8889240000],
[-38.0254290000,-67.8858050000],
[-38.0268630000,-67.8840570000],
[-38.0280750000,-67.8820270000],
[-38.0288330000,-67.8796720000],
[-38.0331720000,-67.8748140000],
[-38.0366870000,-67.8724380000],
[-38.0381910000,-67.8707760000],
[-38.0396060000,-67.8689790000],
[-38.0410840000,-67.8672730000],
[-38.0425960000,-67.8656520000],
[-38.0439240000,-67.8637320000],
[-38.0472810000,-67.8610400000],
[-38.0506130000,-67.8582630000],
[-38.0542670000,-67.8561710000],
[-38.0574230000,-67.8531400000],
[-38.0589180000,-67.8514660000],
[-38.0604740000,-67.8498590000],
[-38.0635070000,-67.8466030000],
[-38.0648350000,-67.8446540000],
[-38.0661340000,-67.8399610000],
[-38.0668460000,-67.8376110000],
[-38.0674340000,-67.8351730000],
[-38.0693660000,-67.8308380000],
[-38.0709160000,-67.8261870000],
[-38.0711190000,-67.8211840000],
[-38.0711230000,-67.8186550000],
[-38.0711620000,-67.8161120000],
[-38.0711020000,-67.8135920000],
[-38.0707250000,-67.8111240000],
[-38.0701140000,-67.8087050000],
[-38.0695570000,-67.8062730000],
[-38.0690090000,-67.8038320000],
[-38.0684060000,-67.8014330000],
[-38.0677040000,-67.7990710000],
[-38.0668380000,-67.7967800000],
[-38.0659720000,-67.7945020000],
[-38.0652470000,-67.7921230000],
[-38.0644310000,-67.7898080000],
[-38.0613560000,-67.7864710000],
[-38.0601890000,-67.7820390000],
[-38.0603650000,-67.7793860000],
[-38.0604000000,-67.7789330000],
[-38.0605660000,-67.7767910000],
[-38.0650110000,-67.7723630000],
[-38.0682520000,-67.7694930000],
[-38.0714180000,-67.7661910000],
[-38.0703200000,-67.7619230000],
[-38.0688430000,-67.7601610000],
[-38.0669270000,-67.7557050000],
[-38.0681340000,-67.7515410000],
[-38.0719580000,-67.7500140000],
[-38.0757300000,-67.7483750000],
[-38.0814970000,-67.7464270000],
[-38.0833690000,-67.7455850000],
[-38.0852510000,-67.7447380000],
[-38.0892100000,-67.7438750000],
[-38.0944080000,-67.7407640000],
[-38.0945190000,-67.7381360000],
[-38.0982660000,-67.7332720000],
[-38.1041320000,-67.7313670000],
[-38.1080390000,-67.7303310000],
[-38.1119380000,-67.7292030000],
[-38.1178050000,-67.7277990000],
[-38.1216700000,-67.7264850000],
[-38.1253820000,-67.7246310000],
[-38.1288510000,-67.7221150000],
[-38.1319870000,-67.7189700000],
[-38.1349550000,-67.7156090000],
[-38.1359240000,-67.7133940000],
[-38.1367680000,-67.7110750000],
[-38.1373980000,-67.7086890000],
[-38.1375970000,-67.7061620000],
[-38.1364960000,-67.7013030000],
[-38.1358380000,-67.6988270000],
[-38.1366070000,-67.6942260000],
[-38.1379320000,-67.6923380000],
[-38.1394160000,-67.6906300000],
[-38.1410230000,-67.6891360000],
[-38.1426300000,-67.6876330000],
[-38.1441130000,-67.6859330000],
[-38.1455350000,-67.6841440000],
[-38.1487930000,-67.6812240000],
[-38.1524000000,-67.6790800000],
[-38.1560590000,-67.6770390000],
[-38.1597530000,-67.6751180000],
[-38.1636600000,-67.6740040000],
[-38.1674820000,-67.6726030000],
[-38.1692810000,-67.6714880000],
[-38.1710810000,-67.6703740000],
[-38.1747740000,-67.6684640000],
[-38.1766300000,-67.6675020000],
[-38.1784770000,-67.6665460000],
[-38.1823160000,-67.6651580000],
[-38.1862870000,-67.6646100000],
[-38.1901350000,-67.6632190000],
[-38.1934100000,-67.6603570000],
[-38.1947780000,-67.6585080000],
[-38.1960400000,-67.6565510000],
[-38.1971690000,-67.6544440000],
[-38.1981460000,-67.6521840000],
[-38.2027860000,-67.6476310000],
[-38.2064720000,-67.6456130000],
[-38.2099560000,-67.6432060000],
[-38.2113680000,-67.6413940000],
[-38.2126210000,-67.6394300000],
[-38.2138200000,-67.6373960000],
[-38.2151980000,-67.6355030000],
[-38.2162190000,-67.6307730000],
[-38.2165150000,-67.6282560000],
[-38.2169190000,-67.6257730000],
[-38.2174570000,-67.6233470000],
[-38.2181740000,-67.6209710000],
[-38.2189720000,-67.6186400000],
[-38.2198140000,-67.6163350000],
[-38.2207010000,-67.6140730000],
[-38.2216150000,-67.6118240000],
[-38.2224840000,-67.6095420000],
[-38.2233080000,-67.6072370000],
[-38.2239450000,-67.6048240000],
[-38.2243840000,-67.6023270000],
[-38.2247700000,-67.5997870000],
[-38.2261480000,-67.5951860000],
[-38.2319660000,-67.5939940000],
[-38.2359980000,-67.5942340000],
[-38.2412330000,-67.5921520000],
[-38.2424780000,-67.5900030000],
[-38.2435080000,-67.5878190000],
[-38.2442960000,-67.5854860000],
[-38.2449050000,-67.5830460000],
[-38.2454610000,-67.5805960000],
[-38.2459450000,-67.5780940000],
[-38.2461950000,-67.5755830000],
[-38.2453140000,-67.5707130000],
[-38.2447440000,-67.5682620000],
[-38.2444440000,-67.5657510000],
[-38.2444860000,-67.5632220000],
[-38.2449700000,-67.5607590000],
[-38.2454260000,-67.5582590000],
[-38.2459990000,-67.5558440000],
[-38.2486610000,-67.5520910000],
[-38.2499030000,-67.5501070000],
[-38.2510650000,-67.5453310000],
[-38.2512610000,-67.5427740000],
[-38.2513480000,-67.5402340000],
[-38.2513270000,-67.5377170000],
[-38.2512530000,-67.5351630000],
[-38.2510330000,-67.5326480000],
[-38.2504700000,-67.5302370000],
[-38.2496630000,-67.5279070000],
[-38.2489190000,-67.5255440000],
[-38.2481290000,-67.5232200000],
[-38.2472400000,-67.5209620000],
[-38.2462600000,-67.5187460000],
[-38.2451160000,-67.5166430000],
[-38.2439710000,-67.5145750000],
[-38.2424920000,-67.5098610000],
[-38.2417020000,-67.5075520000],
[-38.2404850000,-67.5055340000],
[-38.2375000000,-67.5022460000],
[-38.2373050000,-67.4991920000],
[-38.2379880000,-67.4964990000],
[-38.2421730000,-67.4932810000],
[-38.2445550000,-67.4907860000],
[-38.2450160000,-67.4878250000],
[-38.2454770000,-67.4848500000],
[-38.2458930000,-67.4818720000],
[-38.2462100000,-67.4788830000],
[-38.2463830000,-67.4758910000],
[-38.2463570000,-67.4729150000],
[-38.2462150000,-67.4699270000],
[-38.2459820000,-67.4669410000],
[-38.2456770000,-67.4639450000],
[-38.2453360000,-67.4609570000],
[-38.2449770000,-67.4579660000],
[-38.2446270000,-67.4549780000],
[-38.2443120000,-67.4519870000],
[-38.2440340000,-67.4489950000],
[-38.2436930000,-67.4459950000],
[-38.2433510000,-67.4429790000],
[-38.2430730000,-67.4399810000],
[-38.2429470000,-67.4369860000],
[-38.2430560000,-67.4340210000],
[-38.2433890000,-67.4310690000],
[-38.2438660000,-67.4281200000],
[-38.2444430000,-67.4251840000],
[-38.2450820000,-67.4222580000],
[-38.2457210000,-67.4193380000],
[-38.2463500000,-67.4164370000],
[-38.2471150000,-67.4135620000],
[-38.2479240000,-67.4106960000],
[-38.2486790000,-67.4078320000],
[-38.2492630000,-67.4049450000],
[-38.2495680000,-67.4020070000],
[-38.2495140000,-67.3989960000],
[-38.2493070000,-67.3959640000],
[-38.2491270000,-67.3929370000],
[-38.2491710000,-67.3899300000],
[-38.2495670000,-67.3869820000],
[-38.2501780000,-67.3840350000],
[-38.2508790000,-67.3811120000],
[-38.2515530000,-67.3781840000],
[-38.2520830000,-67.3752610000],
[-38.2523330000,-67.3723210000],
[-38.2522510000,-67.3693610000],
[-38.2519430000,-67.3664050000],
[-38.2514730000,-67.3634370000],
[-38.2509220000,-67.3604850000],
[-38.2503800000,-67.3574990000],
[-38.2499010000,-67.3545320000],
[-38.2495480000,-67.3515550000],
[-38.2492490000,-67.3485710000],
[-38.2489680000,-67.3455840000],
[-38.2487050000,-67.3425810000],
[-38.2484420000,-67.3396000000],
[-38.2481790000,-67.3366050000],
[-38.2479150000,-67.3336190000],
[-38.2477430000,-67.3305630000],
[-38.2476610000,-67.3274720000],
[-38.2475700000,-67.3243660000],
[-38.2473790000,-67.3213240000],
[-38.2469880000,-67.3183950000],
[-38.2463080000,-67.3156240000],
[-38.2452550000,-67.3130720000],
[-38.2438860000,-67.3106950000],
[-38.2422890000,-67.3084420000],
[-38.2405570000,-67.3062600000],
[-38.2387880000,-67.3041160000],
[-38.2370650000,-67.3019520000],
[-38.2353130000,-67.2998560000],
[-38.2334430000,-67.2979010000],
[-38.2323720000,-67.2953930000],
[-38.2321720000,-67.2922480000],
[-38.2318270000,-67.2892270000],
[-38.2305010000,-67.2869230000],
[-38.2286850000,-67.2849690000],
[-38.2266680000,-67.2831750000],
[-38.2246610000,-67.2813780000],
[-38.2228630000,-67.2794200000],
[-38.2215460000,-67.2770960000],
[-38.2210820000,-67.2741530000],
[-38.2208910000,-67.2710010000],
[-38.2202020000,-67.2681480000],
[-38.2187050000,-67.2657620000],
[-38.2169180000,-67.2635240000],
[-38.2154030000,-67.2612140000],
[-38.2147010000,-67.2585730000],
[-38.2147160000,-67.2580630000],
[-38.2147870000,-67.2556690000],
[-38.2151940000,-67.2529750000],
[-38.2157260000,-67.2495160000],
[-38.2158750000,-67.2465070000],
[-38.2158620000,-67.2434900000],
[-38.2157950000,-67.2404860000],
[-38.2157280000,-67.2374700000],
[-38.2156870000,-67.2344640000],
[-38.2157460000,-67.2314530000],
[-38.2158940000,-67.2284500000],
[-38.2160340000,-67.2254380000],
[-38.2161010000,-67.2224390000],
[-38.2160330000,-67.2194340000],
[-38.2158750000,-67.2164290000],
[-38.2156540000,-67.2134310000],
[-38.2153610000,-67.2104490000],
[-38.2149770000,-67.2074710000],
[-38.2145030000,-67.2045110000],
[-38.2140020000,-67.2015510000],
[-38.2135640000,-67.1986010000],
[-38.2132600000,-67.1956310000],
[-38.2130150000,-67.1923470000],
[-38.2129600000,-67.1888860000],
[-38.2136790000,-67.1863830000],
[-38.2176330000,-67.1846780000],
[-38.2201300000,-67.1844730000],
[-38.2227510000,-67.1844860000],
[-38.2253040000,-67.1846020000],
[-38.2276950000,-67.1847270000],
[-38.2300520000,-67.1850270000],
[-38.2323980000,-67.1854710000],
[-38.2347540000,-67.1859600000],
[-38.2371090000,-67.1864440000],
[-38.2394650000,-67.1868590000],
[-38.2418220000,-67.1871370000],
[-38.2442350000,-67.1873370000],
[-38.2467900000,-67.1876640000],
[-38.2493900000,-67.1879950000],
[-38.2519460000,-67.1881960000],
[-38.2543790000,-67.1881360000],
[-38.2566000000,-67.1876780000],
[-38.2600590000,-67.1850320000],
[-38.2612450000,-67.1826690000],
[-38.2621650000,-67.1798110000],
[-38.2629170000,-67.1766750000],
[-38.2635890000,-67.1734520000],
[-38.2642780000,-67.1703330000],
[-38.2648050000,-67.1671960000],
[-38.2647780000,-67.1635990000],
[-38.2701300000,-67.1625020000],
[-38.2726350000,-67.1634050000],
[-38.2751770000,-67.1641770000],
[-38.2776240000,-67.1644470000],
[-38.2799170000,-67.1640120000],
[-38.2821770000,-67.1631910000],
[-38.2844220000,-67.1621190000],
[-38.2866490000,-67.1609280000],
[-38.2888950000,-67.1597530000],
[-38.2911480000,-67.1587310000],
[-38.2934350000,-67.1579650000],
[-38.2957540000,-67.1575900000],
[-38.2980970000,-67.1575070000],
[-38.3004740000,-67.1576390000],
[-38.3028580000,-67.1579090000],
[-38.3052520000,-67.1582070000],
[-38.3076360000,-67.1584880000],
[-38.3100220000,-67.1586510000],
[-38.3123820000,-67.1586200000],
[-38.3147280000,-67.1582890000],
[-38.3170490000,-67.1576570000],
[-38.3193540000,-67.1568330000],
[-38.3216600000,-67.1560010000],
[-38.3239730000,-67.1552860000],
[-38.3263020000,-67.1548140000],
[-38.3286530000,-67.1547620000],
[-38.3310290000,-67.1550260000],
[-38.3334120000,-67.1554330000],
[-38.3357870000,-67.1557820000],
[-38.3381550000,-67.1558600000],
[-38.3405360000,-67.1556290000],
[-38.3430520000,-67.1553680000],
[-38.3456220000,-67.1550750000],
[-38.3481930000,-67.1547070000],
[-38.3506840000,-67.1541940000],
[-38.3530240000,-67.1535220000],
[-38.3551320000,-67.1526400000],
[-38.3571070000,-67.1505350000],
[-38.3578220000,-67.1465620000],
[-38.3572250000,-67.1430320000],
[-38.3569150000,-67.1397520000],
[-38.3566500000,-67.1364420000],
[-38.3564480000,-67.1331550000],
[-38.3569770000,-67.1305580000],
[-38.3586400000,-67.1290740000],
[-38.3609890000,-67.1283150000],
[-38.3636070000,-67.1277690000],
[-38.3660380000,-67.1269120000],
[-38.3678650000,-67.1252690000],
[-38.3692470000,-67.1229910000],
[-38.3703800000,-67.1203600000],
[-38.3713890000,-67.1175290000],
[-38.3723620000,-67.1146510000],
[-38.3734070000,-67.1118410000],
[-38.3746120000,-67.1092390000],
[-38.3759330000,-67.1067300000],
[-38.3772890000,-67.1042420000],
[-38.3786100000,-67.1017330000],
[-38.3798240000,-67.0991450000],
[-38.3808670000,-67.0964140000],
[-38.3818390000,-67.0936020000],
[-38.3828380000,-67.0908390000],
[-38.3833860000,-67.0895540000],
[-38.3839610000,-67.0882060000],
[-38.3853350000,-67.0858150000],
[-38.3870380000,-67.0837940000],
[-38.3889910000,-67.0820210000],
[-38.3910250000,-67.0803400000],
[-38.3929690000,-67.0785600000],
[-38.3946630000,-67.0764850000],
[-38.3960370000,-67.0740670000],
[-38.3972140000,-67.0714290000],
[-38.3983110000,-67.0687120000],
[-38.3994790000,-67.0660510000],
[-38.4008430000,-67.0636130000],
[-38.4024760000,-67.0614360000],
[-38.4042600000,-67.0594160000],
[-38.4061240000,-67.0574820000],
[-38.4079970000,-67.0555630000],
[-38.4097890000,-67.0535710000],
[-38.4114300000,-67.0514340000],
[-38.4128570000,-67.0490710000],
[-38.4141130000,-67.0465470000],
[-38.4152540000,-67.0439100000],
[-38.4163050000,-67.0411890000],
[-38.4172930000,-67.0384060000],
[-38.4182190000,-67.0355970000],
[-38.4191310000,-67.0327790000],
[-38.4200160000,-67.0299720000],
[-38.4206820000,-67.0270240000],
[-38.4212310000,-67.0239860000],
[-38.4217800000,-67.0209760000],
[-38.4224450000,-67.0180630000],
[-38.4233690000,-67.0153620000],
[-38.4246690000,-67.0129550000],
[-38.4262370000,-67.0107530000],
[-38.4280030000,-67.0087080000],
[-38.4299020000,-67.0067470000],
[-38.4318820000,-67.0048650000],
[-38.4338800000,-67.0030170000],
[-38.4358420000,-67.0011290000],
[-38.4377230000,-66.9991960000],
[-38.4386100000,-66.9981490000],
[-38.4394430000,-66.9971560000],
[-38.4409660000,-66.9949950000],
[-38.4422290000,-66.9926410000],
[-38.4430170000,-66.9899940000],
[-38.4433570000,-66.9870670000],
[-38.4434010000,-66.9839660000],
[-38.4433380000,-66.9807520000],
[-38.4433010000,-66.9775700000],
[-38.4434890000,-66.9744890000],
[-38.4440440000,-66.9716100000],
[-38.4451380000,-66.9690040000],
[-38.4466170000,-66.9665810000],
[-38.4482490000,-66.9642320000],
[-38.4497730000,-66.9618240000],
[-38.4509480000,-66.9592500000],
[-38.4516910000,-66.9564340000],
[-38.4523640000,-66.9534730000],
[-38.4529740000,-66.9504330000],
[-38.4534860000,-66.9473390000],
[-38.4538890000,-66.9442360000],
[-38.4541480000,-66.9411640000],
[-38.4542350000,-66.9381460000],
[-38.4541330000,-66.9352350000],
[-38.4537850000,-66.9324700000],
[-38.4525880000,-66.9300830000],
[-38.4506770000,-66.9279740000],
[-38.4485850000,-66.9259310000],
[-38.4468280000,-66.9237200000],
[-38.4459020000,-66.9211570000],
[-38.4454300000,-66.9182390000],
[-38.4450850000,-66.9151130000],
[-38.4448850000,-66.9118750000],
[-38.4448470000,-66.9086070000],
[-38.4449980000,-66.9054070000],
[-38.4453640000,-66.9023500000],
[-38.4459530000,-66.8995170000],
[-38.4468010000,-66.8970190000],
[-38.4482130000,-66.8950580000],
[-38.4502150000,-66.8936070000],
[-38.4525750000,-66.8924140000],
[-38.4550610000,-66.8913070000],
[-38.4574210000,-66.8900250000],
[-38.4594340000,-66.8883790000],
[-38.4609550000,-66.8862160000],
[-38.4622070000,-66.8837620000],
[-38.4632810000,-66.8810770000],
[-38.4642390000,-66.8782760000],
[-38.4651440000,-66.8753990000],
[-38.4660660000,-66.8725230000],
[-38.4670600000,-66.8697190000],
[-38.4682050000,-66.8670600000],
[-38.4696110000,-66.8645680000],
[-38.4711690000,-66.8621660000],
[-38.4727360000,-66.8597750000],
[-38.4741320000,-66.8573340000],
[-38.4752140000,-66.8547540000],
[-38.4758290000,-66.8519680000],
[-38.4759360000,-66.8459790000],
[-38.4757420000,-66.8428770000],
[-38.4755660000,-66.8397690000],
[-38.4755700000,-66.8367090000],
[-38.4759060000,-66.8337570000],
[-38.4765750000,-66.8309020000],
[-38.4774780000,-66.8280940000],
[-38.4785060000,-66.8253290000],
[-38.4795890000,-66.8225710000],
[-38.4806350000,-66.8198100000],
[-38.4815370000,-66.8170120000],
[-38.4822240000,-66.8141630000],
[-38.4825860000,-66.8112360000],
[-38.4826250000,-66.8082230000],
[-38.4824570000,-66.8051580000],
[-38.4822080000,-66.8020810000],
[-38.4820040000,-66.7990220000],
[-38.4819610000,-66.7959980000],
[-38.4821970000,-66.7930560000],
[-38.4828200000,-66.7902090000],
[-38.4837390000,-66.7874570000],
[-38.4848570000,-66.7847530000],
[-38.4860550000,-66.7820870000],
[-38.4872170000,-66.7793920000],
[-38.4882440000,-66.7766490000],
[-38.4891630000,-66.7738420000],
[-38.4900290000,-66.7709690000],
[-38.4908760000,-66.7681040000],
[-38.4917690000,-66.7652680000],
[-38.4927420000,-66.7625100000],
[-38.4938490000,-66.7598680000],
[-38.4951260000,-66.7573880000],
[-38.4966270000,-66.7551200000],
[-38.4983610000,-66.7530630000],
[-38.5002470000,-66.7511340000],
[-38.5022230000,-66.7492890000],
[-38.5042070000,-66.7474640000],
[-38.5061290000,-66.7455890000],
[-38.5066730000,-66.7449900000],
[-38.5079250000,-66.7436130000],
[-38.5095240000,-66.7414630000],
[-38.5108360000,-66.7390940000],
[-38.5118260000,-66.7364620000],
[-38.5125460000,-66.7336280000],
[-38.5130960000,-66.7306530000],
[-38.5135660000,-66.7275990000],
[-38.5140260000,-66.7245400000],
[-38.5145760000,-66.7215300000],
[-38.5153060000,-66.7186480000],
[-38.5163270000,-66.7159260000],
[-38.5176350000,-66.7133590000],
[-38.5190740000,-66.7108650000],
[-38.5204850000,-66.7083710000],
[-38.5216900000,-66.7057850000],
[-38.5225080000,-66.7030580000],
[-38.5228860000,-66.7001500000],
[-38.5229490000,-66.6971110000],
[-38.5228500000,-66.6940260000],
[-38.5227690000,-66.6909290000],
[-38.5228590000,-66.6878910000],
[-38.5232640000,-66.6849450000],
[-38.5240370000,-66.6821200000],
[-38.5250260000,-66.6793630000],
[-38.5261230000,-66.6766470000],
[-38.5272280000,-66.6739160000],
[-38.5282170000,-66.6711560000],
[-38.5289720000,-66.6683160000],
[-38.5294480000,-66.6653620000],
[-38.5297090000,-66.6622990000],
[-38.5298440000,-66.6591780000],
[-38.5299060000,-66.6560420000],
[-38.5299780000,-66.6529180000],
[-38.5301210000,-66.6498370000],
[-38.5303640000,-66.6473880000],
[-38.5304170000,-66.6468610000],
[-38.5306450000,-66.6455870000],
[-38.5309280000,-66.6440100000],
[-38.5317360000,-66.6413190000],
[-38.5328660000,-66.6388410000],
[-38.5342880000,-66.6365620000],
[-38.5359440000,-66.6344120000],
[-38.5377480000,-66.6323630000],
[-38.5396320000,-66.6303550000],
[-38.5415440000,-66.6283680000],
[-38.5434010000,-66.6263160000],
[-38.5451420000,-66.6241870000],
[-38.5466950000,-66.6219060000],
[-38.5479430000,-66.6193640000],
[-38.5487960000,-66.6163320000],
[-38.5494440000,-66.6131050000],
[-38.5500600000,-66.6099160000],
[-38.5505140000,-66.6082450000],
[-38.5508540000,-66.6070200000],
[-38.5520100000,-66.6046750000],
[-38.5536850000,-66.6031060000],
[-38.5556540000,-66.6019750000],
[-38.5578030000,-66.6011360000],
[-38.5600850000,-66.6005210000],
[-38.5624830000,-66.6000820000],
[-38.5649530000,-66.5997470000],
[-38.5674590000,-66.5994860000],
[-38.5699740000,-66.5992290000],
[-38.5724620000,-66.5989030000],
[-38.5748870000,-66.5984900000],
[-38.5772320000,-66.5979410000],
[-38.5795770000,-66.5974350000],
[-38.5819440000,-66.5969590000],
[-38.5843020000,-66.5964900000],
[-38.5866550000,-66.5959910000],
[-38.5889910000,-66.5954420000],
[-38.5913100000,-66.5947950000],
[-38.5935930000,-66.5940310000],
[-38.5958400000,-66.5931310000],
[-38.5980440000,-66.5920210000],
[-38.6002220000,-66.5907190000],
[-38.6023640000,-66.5892610000],
[-38.6044890000,-66.5876890000],
[-38.6065960000,-66.5860670000],
[-38.6086940000,-66.5844310000],
[-38.6107920000,-66.5828460000],
[-38.6128980000,-66.5813540000],
[-38.6150130000,-66.5800130000],
[-38.6171350000,-66.5788590000],
[-38.6192930000,-66.5779580000],
[-38.6214670000,-66.5773410000],
[-38.6236920000,-66.5772150000],
[-38.6259610000,-66.5775890000],
[-38.6282540000,-66.5783540000],
[-38.6305640000,-66.5793920000],
[-38.6328820000,-66.5805960000],
[-38.6352000000,-66.5818410000],
[-38.6374910000,-66.5830220000],
[-38.6397470000,-66.5840370000],
[-38.6419750000,-66.5852410000],
[-38.6441840000,-66.5866260000],
[-38.6463840000,-66.5880250000],
[-38.6485850000,-66.5892840000],
[-38.6507780000,-66.5902150000],
[-38.6529920000,-66.5906810000],
[-38.6553100000,-66.5901140000],
[-38.6577130000,-66.5886090000],
[-38.6600600000,-66.5869160000],
[-38.6622500000,-66.5857970000],
[-38.6656340000,-66.5880650000],
[-38.6668700000,-66.5913030000],
[-38.6679880000,-66.5947910000],
[-38.6691440000,-66.5976190000],
[-38.6721050000,-66.5981720000],
[-38.6738360000,-66.5962210000],
[-38.6756240000,-66.5935440000],
[-38.6773860000,-66.5906770000],
[-38.6790380000,-66.5881740000],
[-38.6805180000,-66.5857670000],
[-38.6818910000,-66.5832440000],
[-38.6832820000,-66.5807330000],
[-38.6847980000,-66.5784610000],
[-38.6866440000,-66.5766400000],
[-38.6890910000,-66.5756020000],
[-38.6916260000,-66.5747580000],
[-38.6935700000,-66.5733570000],
[-38.6944820000,-66.5709440000],
[-38.6949370000,-66.5680940000],
[-38.6951240000,-66.5649950000],
[-38.6951390000,-66.5617370000],
[-38.6951190000,-66.5584520000],
[-38.6951700000,-66.5552140000],
[-38.6954100000,-66.5521210000],
[-38.6959460000,-66.5493000000],
[-38.6969120000,-66.5468330000],
[-38.6985520000,-66.5448830000],
[-38.7007390000,-66.5433450000],
[-38.7032040000,-66.5420560000],
[-38.7056870000,-66.5408130000],
[-38.7079460000,-66.5394240000],
[-38.7097010000,-66.5377240000],
[-38.7107600000,-66.5328320000],
[-38.7102420000,-66.5297840000],
[-38.7094640000,-66.5265420000],
[-38.7087760000,-66.5233120000],
[-38.7085190000,-66.5202290000],
[-38.7087080000,-66.5193200000],
[-38.7091080000,-66.5173990000],
[-38.7115550000,-66.5119930000],
[-38.7121350000,-66.5091230000],
[-38.7118610000,-66.5059710000],
[-38.7113430000,-66.5027600000],
[-38.7112840000,-66.4997810000],
[-38.7122310000,-66.4972850000],
[-38.7135830000,-66.4949770000],
[-38.7151330000,-66.4927890000],
[-38.7168350000,-66.4906480000],
[-38.7186370000,-66.4885700000],
[-38.7204920000,-66.4865190000],
[-38.7223560000,-66.4844640000],
[-38.7258050000,-66.4804200000],
[-38.7283660000,-66.4798020000],
[-38.7311240000,-66.4793340000],
[-38.7335590000,-66.4786140000],
[-38.7350080000,-66.4757780000],
[-38.7347300000,-66.4721040000],
[-38.7336620000,-66.4688830000],
[-38.7327740000,-66.4656450000],
[-38.7326410000,-66.4627170000],
[-38.7336700000,-66.4601330000],
[-38.7352740000,-66.4576770000],
[-38.7366620000,-66.4550810000],
[-38.7372770000,-66.4521370000],
[-38.7375410000,-66.4489700000],
[-38.7379490000,-66.4459450000],
[-38.7390040000,-66.4434500000],
[-38.7410290000,-66.4415250000],
[-38.7435120000,-66.4399120000],
[-38.7457700000,-66.4383360000],
[-38.7451450000,-66.4320690000],
[-38.7430640000,-66.4295830000],
[-38.7416410000,-66.4269810000],
[-38.7418050000,-66.4240950000],
[-38.7430150000,-66.4208790000],
[-38.7439620000,-66.4179080000],
[-38.7412730000,-66.4142320000],
[-38.7388710000,-66.4132750000],
[-38.7357950000,-66.4120640000],
[-38.7345300000,-66.4111010000],
[-38.7340250000,-66.4107170000],
[-38.7354260000,-66.4066330000],
[-38.7376240000,-66.4041820000],
[-38.7395780000,-66.4016280000],
[-38.7403710000,-66.3990530000],
[-38.7397040000,-66.3964330000],
[-38.7382360000,-66.3936930000],
[-38.7366690000,-66.3909210000],
[-38.7356960000,-66.3881990000],
[-38.7357640000,-66.3874320000],
[-38.7359300000,-66.3855550000],
[-38.7371730000,-66.3829740000],
[-38.7387580000,-66.3803740000],
[-38.7400270000,-66.3776860000],
[-38.7408020000,-66.3748270000],
[-38.7414240000,-66.3718710000],
[-38.7419740000,-66.3688830000],
[-38.7425510000,-66.3659190000],
[-38.7432540000,-66.3630240000],
[-38.7441630000,-66.3602790000],
[-38.7454410000,-66.3577460000],
[-38.7470240000,-66.3554050000],
[-38.7487160000,-66.3531470000],
[-38.7503080000,-66.3508430000],
[-38.7515950000,-66.3483730000],
[-38.7524500000,-66.3456280000],
[-38.7530620000,-66.3426220000],
[-38.7534320000,-66.3394840000],
[-38.7535490000,-66.3364100000],
[-38.7534310000,-66.3333490000],
[-38.7526370000,-66.3307220000],
[-38.7503550000,-66.3286530000],
[-38.7490730000,-66.3265100000],
[-38.7499440000,-66.3239690000],
[-38.7516450000,-66.3213110000],
[-38.7534900000,-66.3186470000],
[-38.7547850000,-66.3160900000],
[-38.7532930000,-66.3117530000],
[-38.7508340000,-66.3099270000],
[-38.7483660000,-66.3081020000],
[-38.7467680000,-66.3060820000],
[-38.7475280000,-66.3012600000],
[-38.7489400000,-66.2986570000],
[-38.7505860000,-66.2959810000],
[-38.7521600000,-66.2932550000],
[-38.7533380000,-66.2904990000],
[-38.7537690000,-66.2876450000],
[-38.7534610000,-66.2845870000],
[-38.7527930000,-66.2815240000],
[-38.7520250000,-66.2786510000],
[-38.7510050000,-66.2759030000],
[-38.7499300000,-66.2731700000],
[-38.7490180000,-66.2703860000],
[-38.7485290000,-66.2674480000],
[-38.7484100000,-66.2643820000],
[-38.7482180000,-66.2613380000],
[-38.7475760000,-66.2584660000],
[-38.7466820000,-66.2556700000],
[-38.7456610000,-66.2529230000],
[-38.7445770000,-66.2502020000],
[-38.7435100000,-66.2474720000],
[-38.7424710000,-66.2447570000],
[-38.7414230000,-66.2420360000],
[-38.7403570000,-66.2393270000],
[-38.7392720000,-66.2366380000],
[-38.7381600000,-66.2339570000],
[-38.7369500000,-66.2312990000],
[-38.7355580000,-66.2286920000],
[-38.7340950000,-66.2260940000],
[-38.7326680000,-66.2234910000],
[-38.7314210000,-66.2208760000],
[-38.7304530000,-66.2182190000],
[-38.7298900000,-66.2155120000],
[-38.7299150000,-66.2134000000],
[-38.7299220000,-66.2127290000],
[-38.7305400000,-66.2099050000],
[-38.7315180000,-66.2070270000],
[-38.7326130000,-66.2041150000],
[-38.7336000000,-66.2011790000],
[-38.7342450000,-66.1982190000],
[-38.7344300000,-66.1952270000],
[-38.7343360000,-66.1921620000],
[-38.7340710000,-66.1890610000],
[-38.7337430000,-66.1859550000],
[-38.7334500000,-66.1828720000],
[-38.7333200000,-66.1798650000],
[-38.7334500000,-66.1769410000],
[-38.7341210000,-66.1741790000],
[-38.7359350000,-66.1716710000],
[-38.7380650000,-66.1693670000],
[-38.7394820000,-66.1672340000],
[-38.7370100000,-66.1638610000],
[-38.7343540000,-66.1623800000],
[-38.7326910000,-66.1603180000],
[-38.7321540000,-66.1576080000],
[-38.7320680000,-66.1545660000],
[-38.7322070000,-66.1513690000],
[-38.7323640000,-66.1481720000],
[-38.7323500000,-66.1451160000],
[-38.7322370000,-66.1420570000],
[-38.7321410000,-66.1389920000],
[-38.7321630000,-66.1359550000],
[-38.7324280000,-66.1329920000],
[-38.7330430000,-66.1301030000],
[-38.7339650000,-66.1273130000],
[-38.7349950000,-66.1245350000],
[-38.7359710000,-66.1217530000],
[-38.7370190000,-66.1187870000],
[-38.7383190000,-66.1156470000],
[-38.7395200000,-66.1125660000],
[-38.7402890000,-66.1097610000],
[-38.7362660000,-66.1057350000],
[-38.7332930000,-66.1054810000],
[-38.7309250000,-66.1046430000],
[-38.7299290000,-66.0997830000],
[-38.7303640000,-66.0964980000],
[-38.7307640000,-66.0931260000],
[-38.7306130000,-66.0900230000],
[-38.7297590000,-66.0869860000],
[-38.7285100000,-66.0838710000],
[-38.7271690000,-66.0807820000],
[-38.7260540000,-66.0779060000],
[-38.7254710000,-66.0753640000],
[-38.7272660000,-66.0735970000],
[-38.7295630000,-66.0713370000],
[-38.7323830000,-66.0709200000],
[-38.7351750000,-66.0704800000],
[-38.7375720000,-66.0697320000],
[-38.7400050000,-66.0690590000],
[-38.7423920000,-66.0682840000],
[-38.7445280000,-66.0671510000],
[-38.7462490000,-66.0653380000],
[-38.7477010000,-66.0627050000],
[-38.7487390000,-66.0596920000],
[-38.7491450000,-66.0568080000],
[-38.7481740000,-66.0542820000],
[-38.7461750000,-66.0518850000],
[-38.7451670000,-66.0494030000],
[-38.7460600000,-66.0466770000],
[-38.7477730000,-66.0438630000],
[-38.7492060000,-66.0411580000],
[-38.7474690000,-66.0368570000],
[-38.7447400000,-66.0351280000],
[-38.7423530000,-66.0334730000],
[-38.7428410000,-66.0298500000],
[-38.7452730000,-66.0279300000],
[-38.7480300000,-66.0260190000],
[-38.7502650000,-66.0241910000],
[-38.7498510000,-66.0212200000],
[-38.7471040000,-66.0201840000],
[-38.7439960000,-66.0191420000],
[-38.7416360000,-66.0177980000],
[-38.7417900000,-66.0136780000],
[-38.7432670000,-66.0112050000],
[-38.7451140000,-66.0085680000],
[-38.7469520000,-66.0058390000],
[-38.7483840000,-66.0031160000],
[-38.7490420000,-66.0004360000],
[-38.7486010000,-65.9977670000],
[-38.7474030000,-65.9950410000],
[-38.7459790000,-65.9922570000],
[-38.7448530000,-65.9894050000],
[-38.7442760000,-65.9864860000],
[-38.7438430000,-65.9835070000],
[-38.7435090000,-65.9804940000],
[-38.7432750000,-65.9774570000],
[-38.7431120000,-65.9744060000],
[-38.7430300000,-65.9713750000],
[-38.7429570000,-65.9682960000],
[-38.7428480000,-65.9651010000],
[-38.7427660000,-65.9618690000],
[-38.7427740000,-65.9586600000],
[-38.7429260000,-65.9555770000],
[-38.7432850000,-65.9526750000],
[-38.7439150000,-65.9500580000],
[-38.7451750000,-65.9480670000],
[-38.7474450000,-65.9470240000],
[-38.7500660000,-65.9462660000],
[-38.7523620000,-65.9450570000],
[-38.7538470000,-65.9427260000],
[-38.7548910000,-65.9396710000],
[-38.7560970000,-65.9370350000],
[-38.7580060000,-65.9358280000],
[-38.7605370000,-65.9356300000],
[-38.7633380000,-65.9359160000],
[-38.7660860000,-65.9362700000],
[-38.7684640000,-65.9362910000],
[-38.7706340000,-65.9336880000],
[-38.7699740000,-65.9307890000],
[-38.7688550000,-65.9273870000],
[-38.7679970000,-65.9239880000],
[-38.7681490000,-65.9210910000],
[-38.7697410000,-65.9185000000],
[-38.7716940000,-65.9160590000],
[-38.7726570000,-65.9136900000],
[-38.7715920000,-65.9112980000],
[-38.7692030000,-65.9088590000],
[-38.7674450000,-65.9071660000],
[-38.7659210000,-65.9047440000],
[-38.7691080000,-65.9025130000],
[-38.7717820000,-65.9018070000],
[-38.7746820000,-65.9011270000],
[-38.7774470000,-65.9003180000],
[-38.7797250000,-65.8991840000],
[-38.7810600000,-65.8961150000],
[-38.7808000000,-65.8924100000],
[-38.7797430000,-65.8891950000],
[-38.7786950000,-65.8858970000],
[-38.7781150000,-65.8827440000],
[-38.7779680000,-65.8795600000],
[-38.7778470000,-65.8760730000],
[-38.7778620000,-65.8725750000],
[-38.7780470000,-65.8703350000],
[-38.7781280000,-65.8693490000],
[-38.7787470000,-65.8667040000],
[-38.7843930000,-65.8651510000],
[-38.7872590000,-65.8661900000],
[-38.7899170000,-65.8669570000],
[-38.7927340000,-65.8649400000],
[-38.7925050000,-65.8617580000],
[-38.7920420000,-65.8580980000],
[-38.7921820000,-65.8548690000],
[-38.7936020000,-65.8524090000],
[-38.7952480000,-65.8508200000],
[-38.7979750000,-65.8482160000],
[-38.7981730000,-65.8449890000],
[-38.7960030000,-65.8420070000],
[-38.7933870000,-65.8399580000],
[-38.7914390000,-65.8379250000],
[-38.7922890000,-65.8340560000],
[-38.7942320000,-65.8322560000],
[-38.7965990000,-65.8304630000],
[-38.7989830000,-65.8285780000],
[-38.8010070000,-65.8264960000],
[-38.8022740000,-65.8241440000],
[-38.8025940000,-65.8213030000],
[-38.8022640000,-65.8180540000],
[-38.8016730000,-65.8146770000],
[-38.8011910000,-65.8114010000],
[-38.8012220000,-65.8085340000],
[-38.8042560000,-65.8049230000],
[-38.8069980000,-65.8039970000],
[-38.8098070000,-65.8032090000],
[-38.8121020000,-65.8022100000],
[-38.8129070000,-65.7985380000],
[-38.8114340000,-65.7959920000],
[-38.8095740000,-65.7932140000],
[-38.8080190000,-65.7903430000],
[-38.8073020000,-65.7874780000],
[-38.8068950000,-65.7814610000],
[-38.8068710000,-65.7783700000],
[-38.8067930000,-65.7753000000],
[-38.8065170000,-65.7722700000],
[-38.8054930000,-65.7692200000],
[-38.8053250000,-65.7664920000],
[-38.8068340000,-65.7642790000],
[-38.8089200000,-65.7622690000],
[-38.8106900000,-65.7601020000],
[-38.8113870000,-65.7574660000],
[-38.8114450000,-65.7545840000],
[-38.8111770000,-65.7515660000],
[-38.8107380000,-65.7484730000],
[-38.8102990000,-65.7453550000],
[-38.8100130000,-65.7422560000],
[-38.8099970000,-65.7392110000],
[-38.8101070000,-65.7361450000],
[-38.8101710000,-65.7353830000],
[-38.8103610000,-65.7330870000],
[-38.8108140000,-65.7300950000],
[-38.8115100000,-65.7272340000],
[-38.8126210000,-65.7245620000],
[-38.8140110000,-65.7220000000],
[-38.8154370000,-65.7194530000],
[-38.8166290000,-65.7168460000],
[-38.8173250000,-65.7140710000],
[-38.8173170000,-65.7109710000],
[-38.8168860000,-65.7076890000],
[-38.8163910000,-65.7044440000],
[-38.8161940000,-65.7014280000],
[-38.8181920000,-65.6970900000],
[-38.8205580000,-65.6959600000],
[-38.8231680000,-65.6949850000],
[-38.8254160000,-65.6936510000],
[-38.8267890000,-65.6915380000],
[-38.8276100000,-65.6888620000],
[-38.8280890000,-65.6858600000],
[-38.8283770000,-65.6826720000],
[-38.8286030000,-65.6794750000],
[-38.8289010000,-65.6764110000],
[-38.8292350000,-65.6733950000],
[-38.8295500000,-65.6703700000],
[-38.8298390000,-65.6673400000],
[-38.8300560000,-65.6643130000],
[-38.8300890000,-65.6635210000],
[-38.8301910000,-65.6612810000],
[-38.8302180000,-65.6582690000],
[-38.8300740000,-65.6552620000],
[-38.8297320000,-65.6522660000],
[-38.8292640000,-65.6492830000],
[-38.8289200000,-65.6472140000],
[-38.8287680000,-65.6462940000],
[-38.8283360000,-65.6432900000],
[-38.8281820000,-65.6401160000],
[-38.8282890000,-65.6366890000],
[-38.8281170000,-65.6335750000],
[-38.8271460000,-65.6313260000],
[-38.8251960000,-65.6300660000],
[-38.8226720000,-65.6293830000],
[-38.8199230000,-65.6289540000],
[-38.8173270000,-65.6284200000],
[-38.8152340000,-65.6274670000],
[-38.8143440000,-65.6225320000],
[-38.8152960000,-65.6188050000],
[-38.8160420000,-65.6154650000],
[-38.8113270000,-65.6142840000],
[-38.8084930000,-65.6154800000],
[-38.8059900000,-65.6159100000],
[-38.8034100000,-65.6119870000],
[-38.8027680000,-65.6085830000],
[-38.8020190000,-65.6053060000],
[-38.8007580000,-65.6029360000],
[-38.7987460000,-65.6018740000],
[-38.7962500000,-65.6015910000],
[-38.7935660000,-65.6016470000],
[-38.7909710000,-65.6015690000],
[-38.7887710000,-65.6008910000],
[-38.7872520000,-65.5991960000],
[-38.7863780000,-65.5965740000],
[-38.7858900000,-65.5934090000],
[-38.7855080000,-65.5900440000],
[-38.7849660000,-65.5868570000],
[-38.7839740000,-65.5842150000],
[-38.7821750000,-65.5824070000],
[-38.7796220000,-65.5812480000],
[-38.7768980000,-65.5803580000],
[-38.7745800000,-65.5793650000],
[-38.7737110000,-65.5758310000],
[-38.7755400000,-65.5733030000],
[-38.7774570000,-65.5705270000],
[-38.7781950000,-65.5677380000],
[-38.7777420000,-65.5647830000],
[-38.7767580000,-65.5616930000],
[-38.7757370000,-65.5586130000],
[-38.7751680000,-65.5557190000],
[-38.7755360000,-65.5531620000],
[-38.7769880000,-65.5510500000],
[-38.7790790000,-65.5491840000],
[-38.7813240000,-65.5473630000],
[-38.7832260000,-65.5453320000],
[-38.7843250000,-65.5429110000],
[-38.7846740000,-65.5400970000],
[-38.7845810000,-65.5370510000],
[-38.7842890000,-65.5338880000],
[-38.7840420000,-65.5307020000],
[-38.7840590000,-65.5298300000],
[-38.7841020000,-65.5276310000],
[-38.7843960000,-65.5245800000],
[-38.7847250000,-65.5214640000],
[-38.7851450000,-65.5183710000],
[-38.7857180000,-65.5153610000],
[-38.7865080000,-65.5125500000],
[-38.7875780000,-65.5099990000],
[-38.7891910000,-65.5079020000],
[-38.7913370000,-65.5062180000],
[-38.7936540000,-65.5046940000],
[-38.7958090000,-65.5030910000],
[-38.7974680000,-65.5011480000],
[-38.7983490000,-65.4986880000],
[-38.7986790000,-65.4959000000],
[-38.7986480000,-65.4928720000],
[-38.7984090000,-65.4897200000],
[-38.7981160000,-65.4864960000],
[-38.7979130000,-65.4833120000],
[-38.7979530000,-65.4802380000],
[-38.7980650000,-65.4771320000],
[-38.7981410000,-65.4739400000],
[-38.7982800000,-65.4707650000],
[-38.7984160000,-65.4694570000],
[-38.7985990000,-65.4677010000],
[-38.7991810000,-65.4648130000],
[-38.8001510000,-65.4622390000],
[-38.8015000000,-65.4599550000],
[-38.8031210000,-65.4578820000],
[-38.8049320000,-65.4559540000],
[-38.8068870000,-65.4541210000],
[-38.8089050000,-65.4523440000],
[-38.8109240000,-65.4505410000],
[-38.8128970000,-65.4486810000],
[-38.8147340000,-65.4466920000],
[-38.8163990000,-65.4445490000],
[-38.8179740000,-65.4422650000],
[-38.8194940000,-65.4399080000],
[-38.8209320000,-65.4374470000],
[-38.8222710000,-65.4349080000],
[-38.8235110000,-65.4323110000],
[-38.8246420000,-65.4296650000],
[-38.8256100000,-65.4269420000],
[-38.8263980000,-65.4240920000],
[-38.8270590000,-65.4211670000],
[-38.8276480000,-65.4182060000],
[-38.8282010000,-65.4152210000],
[-38.8287710000,-65.4122540000],
[-38.8293150000,-65.4092870000],
[-38.8297230000,-65.4062690000],
[-38.8301580000,-65.4032720000],
[-38.8307830000,-65.4003670000],
[-38.8316780000,-65.3975810000],
[-38.8326630000,-65.3947800000],
[-38.8337300000,-65.3920010000],
[-38.8349140000,-65.3893310000],
[-38.8362340000,-65.3868000000],
[-38.8376990000,-65.3844670000],
[-38.8394810000,-65.3824480000],
[-38.8416070000,-65.3807450000],
[-38.8438870000,-65.3791840000],
[-38.8461120000,-65.3776330000],
[-38.8480760000,-65.3759340000],
[-38.8495960000,-65.3739310000],
[-38.8505110000,-65.3714920000],
[-38.8509920000,-65.3687610000],
[-38.8511650000,-65.3658040000],
[-38.8510940000,-65.3627150000],
[-38.8508510000,-65.3595090000],
[-38.8505270000,-65.3562840000],
[-38.8501770000,-65.3530990000],
[-38.8498800000,-65.3500140000],
[-38.8496830000,-65.3469260000],
[-38.8495390000,-65.3437390000],
[-38.8493680000,-65.3405150000],
[-38.8491240000,-65.3373210000],
[-38.8487290000,-65.3342610000],
[-38.8481090000,-65.3313930000],
[-38.8472110000,-65.3287890000],
[-38.8459550000,-65.3265430000],
[-38.8443400000,-65.3246090000],
[-38.8424390000,-65.3229480000],
[-38.8403230000,-65.3214790000],
[-38.8380720000,-65.3201190000],
[-38.8357670000,-65.3188190000],
[-38.8334810000,-65.3175050000],
[-38.8306410000,-65.3156060000],
[-38.8304880000,-65.3125590000],
[-38.8304340000,-65.3094470000],
[-38.8303970000,-65.3063380000],
[-38.8302980000,-65.3032580000],
[-38.8300460000,-65.3002550000],
[-38.8295510000,-65.2973400000],
[-38.8287240000,-65.2945990000],
[-38.8275730000,-65.2919650000],
[-38.8261880000,-65.2894280000],
[-38.8246330000,-65.2869530000],
[-38.8230230000,-65.2845170000],
[-38.8214410000,-65.2820800000],
[-38.8199670000,-65.2796360000],
[-38.8186990000,-65.2771500000],
[-38.8177280000,-65.2745750000],
[-38.8172250000,-65.2718630000],
[-38.8174770000,-65.2689100000],
[-38.8182860000,-65.2658450000],
[-38.8194120000,-65.2628740000],
[-38.8206110000,-65.2601790000],
[-38.8222450000,-65.2579280000],
[-38.8243040000,-65.2559860000],
[-38.8262740000,-65.2540260000],
[-38.8276370000,-65.2517630000],
[-38.8280790000,-65.2490580000],
[-38.8280240000,-65.2461190000],
[-38.8276530000,-65.2430480000],
[-38.8272960000,-65.2407950000],
[-38.8271550000,-65.2399130000],
[-38.8270990000,-65.2395220000],
[-38.8267120000,-65.2367790000],
[-38.8265200000,-65.2337040000],
[-38.8267620000,-65.2307590000],
[-38.8276720000,-65.2279650000],
[-38.8289420000,-65.2252570000],
[-38.8301940000,-65.2225600000],
[-38.8310400000,-65.2197730000],
[-38.8311920000,-65.2168860000],
[-38.8308210000,-65.2139190000],
[-38.8301970000,-65.2109090000],
[-38.8295910000,-65.2078750000],
[-38.8292730000,-65.2048470000],
[-38.8294500000,-65.2017410000],
[-38.8300220000,-65.1984590000],
[-38.8307110000,-65.1951550000],
[-38.8312570000,-65.1920070000],
[-38.8314080000,-65.1891700000],
[-38.8295150000,-65.1850450000],
[-38.8274340000,-65.1837970000],
[-38.8249240000,-65.1828930000],
[-38.8222710000,-65.1821830000],
[-38.8197440000,-65.1814980000],
[-38.8172170000,-65.1809200000],
[-38.8142880000,-65.1806370000],
[-38.8113410000,-65.1804690000],
[-38.8074030000,-65.1788880000],
[-38.8111670000,-65.1748960000],
[-38.8135090000,-65.1729950000],
[-38.8138090000,-65.1727500000],
[-38.8154690000,-65.1705540000],
[-38.8143090000,-65.1658100000],
[-38.8124980000,-65.1632520000],
[-38.8104540000,-65.1608730000],
[-38.8085300000,-65.1588520000],
[-38.8060410000,-65.1572410000],
[-38.8032840000,-65.1558690000],
[-38.8009960000,-65.1545290000],
[-38.8003960000,-65.1513990000],
[-38.8021500000,-65.1497460000],
[-38.8045510000,-65.1480050000],
[-38.8070600000,-65.1461390000],
[-38.8091160000,-65.1440570000],
[-38.8103230000,-65.1416020000],
[-38.8110220000,-65.1385860000],
[-38.8112590000,-65.1353480000],
[-38.8110290000,-65.1322530000],
[-38.8102880000,-65.1295310000],
[-38.8090350000,-65.1269900000],
[-38.8075210000,-65.1245370000],
[-38.8059900000,-65.1220630000],
[-38.8046910000,-65.1194740000],
[-38.8038230000,-65.1167080000],
[-38.8031530000,-65.1137890000],
[-38.8026260000,-65.1108080000],
[-38.8022330000,-65.1077540000],
[-38.8019670000,-65.1047040000],
[-38.8018260000,-65.1016640000],
[-38.8018390000,-65.0986790000],
[-38.8023120000,-65.0957410000],
[-38.8030730000,-65.0928220000],
[-38.8038070000,-65.0898830000],
[-38.8042070000,-65.0868990000],
[-38.8042010000,-65.0838660000],
[-38.8040150000,-65.0808000000],
[-38.8038920000,-65.0777480000],
[-38.8040930000,-65.0747670000],
[-38.8046560000,-65.0718330000],
[-38.8053890000,-65.0689340000],
[-38.8062310000,-65.0660560000],
[-38.8071090000,-65.0631900000],
[-38.8079320000,-65.0603150000],
[-38.8086390000,-65.0574160000],
[-38.8091380000,-65.0544940000],
[-38.8093750000,-65.0515270000],
[-38.8093320000,-65.0485190000],
[-38.8091090000,-65.0454970000],
[-38.8087870000,-65.0424600000],
[-38.8084290000,-65.0394160000],
[-38.8081340000,-65.0363700000],
[-38.8079820000,-65.0333270000],
[-38.8080480000,-65.0303240000],
[-38.8083200000,-65.0273300000],
[-38.8087270000,-65.0243370000],
[-38.8092430000,-65.0213600000],
[-38.8098040000,-65.0183990000],
[-38.8103550000,-65.0154150000],
[-38.8108610000,-65.0124380000],
[-38.8112770000,-65.0094530000],
[-38.8115400000,-65.0064590000],
[-38.8116500000,-65.0034410000],
[-38.8116780000,-65.0004100000],
[-38.8116340000,-64.9973710000],
[-38.8115450000,-64.9943220000],
[-38.8114190000,-64.9912810000],
[-38.8112760000,-64.9882350000],
[-38.8111320000,-64.9851890000],
[-38.8110070000,-64.9821370000],
[-38.8109170000,-64.9790990000],
[-38.8108820000,-64.9760720000],
[-38.8109090000,-64.9730520000],
[-38.8110270000,-64.9700340000],
[-38.8112520000,-64.9670430000],
[-38.8115860000,-64.9640510000],
[-38.8120100000,-64.9610910000],
[-38.8125240000,-64.9581220000],
[-38.8131020000,-64.9551660000],
[-38.8137240000,-64.9522240000],
[-38.8143820000,-64.9492900000],
[-38.8150580000,-64.9463590000],
[-38.8157340000,-64.9434300000],
[-38.8163920000,-64.9405130000],
[-38.8171860000,-64.9376060000],
[-38.8181680000,-64.9346900000],
[-38.8192410000,-64.9317950000],
[-38.8203130000,-64.9289010000],
[-38.8213050000,-64.9260300000],
[-38.8221070000,-64.9231620000],
[-38.8226390000,-64.9203100000],
[-38.8228020000,-64.9174750000],
[-38.8225330000,-64.9146700000],
[-38.8219210000,-64.9118780000],
[-38.8210400000,-64.9091190000],
[-38.8199510000,-64.9063700000],
[-38.8187180000,-64.9036340000],
[-38.8174050000,-64.9008960000],
[-38.8160640000,-64.8981540000],
[-38.8147770000,-64.8954130000],
[-38.8135890000,-64.8926570000],
[-38.8125710000,-64.8898720000],
[-38.8117790000,-64.8870720000],
[-38.8112930000,-64.8842330000],
[-38.8111300000,-64.8813640000],
[-38.8112370000,-64.8784610000],
[-38.8115610000,-64.8755490000],
[-38.8120730000,-64.8726110000],
[-38.8127200000,-64.8696560000],
[-38.8134750000,-64.8666820000],
[-38.8142740000,-64.8637050000],
[-38.8150920000,-64.8607300000],
[-38.8158920000,-64.8577350000],
[-38.8166190000,-64.8547420000],
[-38.8172380000,-64.8517640000],
[-38.8177040000,-64.8487690000],
[-38.8179810000,-64.8457910000],
[-38.8180330000,-64.8428250000],
[-38.8178680000,-64.8398520000],
[-38.8175240000,-64.8368890000],
[-38.8164370000,-64.8309490000],
[-38.8157590000,-64.8279750000],
[-38.8150540000,-64.8250050000],
[-38.8143390000,-64.8220290000],
[-38.8136510000,-64.8190580000],
[-38.8130450000,-64.8160890000],
[-38.8125280000,-64.8131160000],
[-38.8121560000,-64.8101520000],
[-38.8119640000,-64.8071870000],
[-38.8119780000,-64.8042140000],
[-38.8122000000,-64.8012540000],
[-38.8126110000,-64.7982860000],
[-38.8131480000,-64.7953120000],
[-38.8138020000,-64.7923600000],
[-38.8145100000,-64.7894000000],
[-38.8152540000,-64.7864520000],
[-38.8159890000,-64.7835150000],
[-38.8166790000,-64.7805870000],
[-38.8173960000,-64.7776850000],
[-38.8182760000,-64.7748380000],
[-38.8192200000,-64.7720120000],
[-38.8201360000,-64.7691870000],
[-38.8209160000,-64.7663440000],
[-38.8214530000,-64.7634360000],
[-38.8216550000,-64.7604330000],
[-38.8215690000,-64.7573510000],
[-38.8213190000,-64.7542320000],
[-38.8210340000,-64.7511170000],
[-38.8208480000,-64.7480460000],
[-38.8208680000,-64.7457440000],
[-38.8208720000,-64.7452850000],
[-38.8212710000,-64.7421720000],
[-38.8221060000,-64.7394490000],
[-38.8233120000,-64.7368570000],
[-38.8247720000,-64.7343610000],
[-38.8263480000,-64.7318860000],
[-38.8279250000,-64.7294310000],
[-38.8293480000,-64.7269190000],
[-38.8305170000,-64.7243270000],
[-38.8312800000,-64.7215870000],
[-38.8316540000,-64.7187240000],
[-38.8317390000,-64.7157770000],
[-38.8316060000,-64.7127570000],
[-38.8313390000,-64.7097010000],
[-38.8309980000,-64.7066070000],
[-38.8306570000,-64.7035070000],
[-38.8303800000,-64.7004170000],
[-38.8302470000,-64.6973390000],
[-38.8303390000,-64.6943140000],
[-38.8306920000,-64.6912990000],
[-38.8312260000,-64.6882780000],
[-38.8318230000,-64.6852790000],
[-38.8323570000,-64.6822860000],
[-38.8327190000,-64.6793090000],
[-38.8327850000,-64.6763360000],
[-38.8324810000,-64.6733710000],
[-38.8318980000,-64.6704050000],
[-38.8311070000,-64.6674170000],
[-38.8301990000,-64.6644400000],
[-38.8292470000,-64.6614780000],
[-38.8283210000,-64.6585300000],
[-38.8275040000,-64.6556060000],
[-38.8268760000,-64.6527040000],
[-38.8265090000,-64.6498270000],
[-38.8264950000,-64.6470060000],
[-38.8268770000,-64.6442520000],
[-38.8276200000,-64.6415490000],
[-38.8286620000,-64.6389130000],
[-38.8299100000,-64.6363240000],
[-38.8313120000,-64.6337460000],
[-38.8327870000,-64.6311730000],
[-38.8342690000,-64.6285880000],
[-38.8356710000,-64.6259670000],
[-38.8369360000,-64.6232940000],
[-38.8379940000,-64.6205530000],
[-38.8387710000,-64.6177300000],
[-38.8393400000,-64.6148170000],
[-38.8397550000,-64.6118290000],
[-38.8400610000,-64.6087800000],
[-38.8403040000,-64.6057110000],
[-38.8405370000,-64.6026290000],
[-38.8407890000,-64.5995720000],
[-38.8411350000,-64.5965500000],
[-38.8415910000,-64.5935930000],
[-38.8422230000,-64.5907210000],
[-38.8431810000,-64.5880100000],
[-38.8445460000,-64.5854840000],
[-38.8461470000,-64.5830790000],
[-38.8477760000,-64.5806970000],
[-38.8492590000,-64.5782490000],
[-38.8504080000,-64.5756690000],
[-38.8510580000,-64.5728540000],
[-38.8514730000,-64.5699510000],
[-38.8517880000,-64.5670130000],
[-38.8520040000,-64.5640290000],
[-38.8521560000,-64.5610100000],
[-38.8522350000,-64.5579650000],
[-38.8522700000,-64.5549120000],
[-38.8522760000,-64.5518300000],
[-38.8522650000,-64.5487460000],
[-38.8522450000,-64.5456590000],
[-38.8522330000,-64.5425730000],
[-38.8522400000,-64.5395000000],
[-38.8522920000,-64.5364460000],
[-38.8523890000,-64.5333970000],
[-38.8524490000,-64.5303490000],
[-38.8524560000,-64.5272710000],
[-38.8524620000,-64.5241980000],
[-38.8525310000,-64.5211380000],
[-38.8527270000,-64.5181300000],
[-38.8530230000,-64.5159040000],
[-38.8531220000,-64.5151730000],
[-38.8537340000,-64.5122920000],
[-38.8545450000,-64.5094790000],
[-38.8554910000,-64.5067180000],
[-38.8565370000,-64.5039800000],
[-38.8576420000,-64.5012580000],
[-38.8587820000,-64.4985500000],
[-38.8598820000,-64.4958260000],
[-38.8609280000,-64.4930900000],
[-38.8547790000,-64.4814880000],
[-38.8548590000,-64.4779700000],
[-38.8552510000,-64.4766020000],
[-38.8557900000,-64.4747360000],
[-38.8564940000,-64.4714060000],
[-38.8564470000,-64.4678530000],
[-38.8569060000,-64.4643990000],
[-38.8574550000,-64.4609310000],
[-38.8578680000,-64.4574400000],
[-38.8597350000,-64.4549200000],
[-38.8619960000,-64.4528520000],
[-38.8634430000,-64.4498690000],
[-38.8644980000,-64.4465940000],
[-38.8656990000,-64.4434570000],
[-38.8674090000,-64.4406840000],
[-38.8690560000,-64.4378620000],
[-38.8704930000,-64.4348150000],
[-38.8712770000,-64.4314880000],
[-38.8716070000,-64.4279580000],
[-38.8718120000,-64.4244330000],
[-38.8719900000,-64.4209270000],
[-38.8727010000,-64.4175410000],
[-38.8735970000,-64.4142030000],
[-38.8738690000,-64.4107200000],
[-38.8739880000,-64.4071970000],
[-38.8742590000,-64.4036790000],
[-38.8742390000,-64.4001880000],
[-38.8737680000,-64.3967220000],
[-38.8737550000,-64.3931910000],
[-38.8738150000,-64.3896690000],
[-38.8738200000,-64.3861410000],
[-38.8738160000,-64.3826230000],
[-38.8741640000,-64.3791390000],
[-38.8749460000,-64.3757590000],
[-38.8760090000,-64.3724970000],
[-38.8773980000,-64.3694550000],
[-38.8791980000,-64.3667720000],
[-38.8812830000,-64.3644720000],
[-38.8830470000,-64.3618040000],
[-38.8843720000,-64.3586930000],
[-38.8864570000,-64.3564070000],
[-38.8882840000,-64.3537540000],
[-38.8905450000,-64.3518440000],
[-38.8918340000,-64.3487710000],
[-38.8923530000,-64.3453420000],
[-38.8919970000,-64.3418010000],
[-38.8921720000,-64.3382870000],
[-38.8922570000,-64.3347730000],
[-38.8922330000,-64.3312470000],
[-38.8924800000,-64.3276850000],
[-38.8935800000,-64.3246280000],
[-38.8956810000,-64.3222970000],
[-38.8975900000,-64.3197300000],
[-38.8992520000,-64.3169510000],
[-38.9005760000,-64.3138390000],
[-38.9015820000,-64.3105420000],
[-38.9020820000,-64.3070980000],
[-38.9021120000,-64.3035700000],
[-38.9021170000,-64.3018450000],
[-38.9021230000,-64.3000280000],
[-38.9024590000,-64.2965330000],
[-38.9031300000,-64.2931340000],
[-38.9038370000,-64.2897220000],
[-38.9044980000,-64.2863000000],
[-38.9048700000,-64.2828070000],
[-38.9053330000,-64.2793550000],
[-38.9062200000,-64.2760110000],
[-38.9072440000,-64.2727350000],
[-38.9083760000,-64.2695140000],
[-38.9097630000,-64.2664860000],
[-38.9112690000,-64.2635420000],
[-38.9125730000,-64.2604200000],
[-38.9137410000,-64.2572240000],
[-38.9148640000,-64.2539950000],
[-38.9159600000,-64.2507770000],
[-38.9172920000,-64.2477060000],
[-38.9187600000,-64.2447160000],
[-38.9202370000,-64.2417390000],
[-38.9216870000,-64.2387320000],
[-38.9232560000,-64.2358510000],
[-38.9253000000,-64.2334710000],
[-38.9267230000,-64.2304610000],
[-38.9278360000,-64.2272560000],
[-38.9289130000,-64.2240070000],
[-38.9300070000,-64.2207620000],
[-38.9310840000,-64.2175290000],
[-38.9322690000,-64.2143430000],
[-38.9335450000,-64.2112320000],
[-38.9348850000,-64.2081360000],
[-38.9362520000,-64.2050780000],
[-38.9377010000,-64.2020830000],
[-38.9392320000,-64.1991440000],
[-38.9402990000,-64.1959110000],
[-38.9410930000,-64.1925200000],
[-38.9421960000,-64.1893180000],
[-38.9438450000,-64.1864760000],
[-38.9453030000,-64.1834890000],
[-38.9466780000,-64.1804230000],
[-38.9478440000,-64.1772160000],
[-38.9492660000,-64.1742300000],
[-38.9512530000,-64.1717450000],
[-38.9525370000,-64.1697280000],
[-38.9541960000,-64.1658580000],
[-38.9552710000,-64.1626060000],
[-38.9562460000,-64.1593020000],
[-38.9572380000,-64.1560180000],
[-38.9582860000,-64.1527640000],
[-38.9592970000,-64.1494900000],
[-38.9601800000,-64.1461470000],
[-38.9609550000,-64.1427440000],
[-38.9619200000,-64.1394660000],
[-38.9631580000,-64.1362980000],
[-38.9644500000,-64.1331810000],
[-38.9645190000,-64.1330180000],
[-38.9657560000,-64.1300900000],
[-38.9671070000,-64.1270080000],
[-38.9684900000,-64.1239640000],
[-38.9698550000,-64.1208900000],
[-38.9711380000,-64.1177820000],
[-38.9723560000,-64.1146050000],
[-38.9734660000,-64.1113940000],
[-38.9744400000,-64.1080940000],
[-38.9754580000,-64.1048080000],
[-38.9767040000,-64.1016560000],
[-38.9778950000,-64.0984910000],
[-38.9788320000,-64.0951630000],
[-38.9796960000,-64.0918110000],
[-38.9805870000,-64.0884840000],
[-38.9814380000,-64.0854460000],
[-38.9818270000,-64.0842010000],
[-38.9825500000,-64.0818940000],
[-38.9837220000,-64.0786860000],
[-38.9848130000,-64.0754510000],
[-38.9860850000,-64.0722920000],
[-38.9878890000,-64.0697800000],
[-38.9906430000,-64.0691160000],
[-38.9933940000,-64.0687560000],
[-38.9961220000,-64.0681790000],
[-38.9984890000,-64.0664590000],
[-39.0005670000,-64.0641080000],
[-39.0019120000,-64.0610360000],
[-39.0028200000,-64.0577010000],
[-39.0034110000,-64.0542450000],
[-39.0037580000,-64.0507500000],
[-39.0038970000,-64.0471990000],
[-39.0035860000,-64.0437420000],
[-39.0029350000,-64.0403600000],
[-39.0029570000,-64.0397940000],
[-39.0030650000,-64.0368130000],
[-39.0036280000,-64.0333430000],
[-39.0035870000,-64.0298440000],
[-39.0034640000,-64.0263070000],
[-39.0034490000,-64.0227750000],
[-39.0036240000,-64.0192610000],
[-39.0040150000,-64.0157700000],
[-39.0046310000,-64.0123190000],
[-39.0054660000,-64.0089560000],
[-39.0063720000,-64.0056210000],
[-39.0073880000,-64.0023370000],
[-39.0091710000,-63.9997040000],
[-39.0111370000,-63.9972360000],
[-39.0128820000,-63.9944940000],
[-39.0147010000,-63.9918340000],
[-39.0169610000,-63.9897290000],
[-39.0195210000,-63.9893190000],
[-39.0218530000,-63.9913310000],
[-39.0240070000,-63.9935300000],
[-39.0262230000,-63.9956270000],
[-39.0285700000,-63.9975490000],
[-39.0311760000,-63.9977070000],
[-39.0328560000,-63.9948470000],
[-39.0345010000,-63.9920270000],
[-39.0360250000,-63.9890130000],
[-39.0382000000,-63.9877330000],
[-39.0410040000,-63.9873470000],
[-39.0419930000,-63.9841430000],
[-39.0428990000,-63.9808170000],
[-39.0437330000,-63.9774470000],
[-39.0445200000,-63.9740550000],
[-39.0452720000,-63.9706640000],
[-39.0459690000,-63.9672480000],
[-39.0466660000,-63.9638290000],
[-39.0473620000,-63.9603990000],
[-39.0481770000,-63.9570470000],
[-39.0492360000,-63.9537330000],
[-39.0507990000,-63.9509330000],
[-39.0533870000,-63.9495880000],
[-39.0560850000,-63.9488220000],
[-39.0585810000,-63.9473900000],
[-39.0603640000,-63.9447940000],
[-39.0615410000,-63.9415740000],
[-39.0626450000,-63.9383010000],
[-39.0637130000,-63.9350360000],
[-39.0648810000,-63.9318510000],
[-39.0665150000,-63.9290070000],
[-39.0684430000,-63.9264930000],
[-39.0704250000,-63.9240400000],
[-39.0721600000,-63.9213000000],
[-39.0737840000,-63.9184560000],
[-39.0756270000,-63.9157390000],
[-39.0776380000,-63.9133400000],
[-39.0801200000,-63.9121310000],
[-39.0828540000,-63.9114150000],
[-39.0853570000,-63.9098970000],
[-39.0879390000,-63.9087110000],
[-39.0906470000,-63.9080450000],
[-39.0927020000,-63.9074030000],
[-39.0933340000,-63.9072000000],
[-39.0956710000,-63.9054690000],
[-39.0966740000,-63.9021570000],
[-39.0989630000,-63.8956970000],
[-39.1003400000,-63.8926480000],
[-39.1019540000,-63.8897650000],
[-39.1027580000,-63.8864240000],
[-39.1027660000,-63.8828900000],
[-39.1034420000,-63.8794710000],
[-39.1042990000,-63.8761050000],
[-39.1053380000,-63.8728400000],
[-39.1064140000,-63.8695820000],
[-39.1067460000,-63.8660810000],
[-39.1067800000,-63.8625400000],
[-39.1066790000,-63.8590120000],
[-39.1067490000,-63.8554670000],
[-39.1068320000,-63.8539060000],
[-39.1069370000,-63.8519470000],
[-39.1071770000,-63.8484000000],
[-39.1078350000,-63.8450160000],
[-39.1092920000,-63.8419920000],
[-39.1105130000,-63.8388250000],
[-39.1121260000,-63.8359630000],
[-39.1139400000,-63.8333010000],
[-39.1145890000,-63.8299080000],
[-39.1146840000,-63.8263180000],
[-39.1141240000,-63.8228620000],
[-39.1138420000,-63.8193440000],
[-39.1137760000,-63.8158120000],
[-39.1138760000,-63.8129850000],
[-39.1143920000,-63.8088070000],
[-39.1150660000,-63.8053640000],
[-39.1156400000,-63.8018980000],
[-39.1160050000,-63.7983410000],
[-39.1172640000,-63.7954080000],
[-39.1189330000,-63.7926680000],
[-39.1200510000,-63.7894160000],
[-39.1211870000,-63.7861840000],
[-39.1223330000,-63.7829630000],
[-39.1234790000,-63.7797700000],
[-39.1246240000,-63.7765430000],
[-39.1252250000,-63.7730790000],
[-39.1261070000,-63.7697560000],
[-39.1276530000,-63.7668050000],
[-39.1297070000,-63.7644620000],
[-39.1320670000,-63.7626290000],
[-39.1346260000,-63.7612850000],
[-39.1372440000,-63.7601870000],
[-39.1398810000,-63.7591790000],
[-39.1424600000,-63.7579170000],
[-39.1450000000,-63.7565530000],
[-39.1473620000,-63.7547830000],
[-39.1493680000,-63.7523400000],
[-39.1514340000,-63.7499870000],
[-39.1530960000,-63.7472040000],
[-39.1543870000,-63.7440800000],
[-39.1557500000,-63.7410000000],
[-39.1576090000,-63.7383870000],
[-39.1598750000,-63.7363910000],
[-39.1622450000,-63.7345680000],
[-39.1645210000,-63.7325950000],
[-39.1670630000,-63.7313130000],
[-39.1698380000,-63.7314180000],
[-39.1726140000,-63.7315080000],
[-39.1750890000,-63.7328020000],
[-39.1778270000,-63.7328300000],
[-39.1805740000,-63.7323690000],
[-39.1824980000,-63.7298800000],
[-39.1840710000,-63.7269390000],
[-39.1853250000,-63.7238170000],
[-39.1858240000,-63.7203210000],
[-39.1870230000,-63.7171660000],
[-39.1884940000,-63.7141500000],
[-39.1899120000,-63.7111010000],
[-39.1913290000,-63.7080580000],
[-39.1929020000,-63.7051830000],
[-39.1948610000,-63.7026770000],
[-39.1967830000,-63.7001520000],
[-39.1983560000,-63.6972620000],
[-39.1998010000,-63.6942340000],
[-39.2011990000,-63.6911730000],
[-39.2026150000,-63.6881290000],
[-39.2039500000,-63.6850380000],
[-39.2049750000,-63.6817660000],
[-39.2058170000,-63.6783960000],
[-39.2064590000,-63.6749110000],
[-39.2080720000,-63.6722420000],
[-39.2103360000,-63.6701790000],
[-39.2126750000,-63.6682810000],
[-39.2152810000,-63.6670720000],
[-39.2173500000,-63.6651590000],
[-39.2186830000,-63.6620300000],
[-39.2198150000,-63.6587390000],
[-39.2205840000,-63.6553410000],
[-39.2226350000,-63.6529920000],
[-39.2246200000,-63.6505210000],
[-39.2260460000,-63.6475200000],
[-39.2272150000,-63.6443170000],
[-39.2289050000,-63.6415220000],
[-39.2304030000,-63.6385370000],
[-39.2322970000,-63.6360240000],
[-39.2345420000,-63.6339280000],
[-39.2370750000,-63.6326940000],
[-39.2397750000,-63.6321860000],
[-39.2416690000,-63.6296550000],
[-39.2424360000,-63.6262270000],
[-39.2425540000,-63.6227110000],
[-39.2417450000,-63.6192610000],
[-39.2423330000,-63.6158860000],
[-39.2434100000,-63.6126010000],
[-39.2441870000,-63.6092130000],
[-39.2447090000,-63.6057320000],
[-39.2451780000,-63.6022360000],
[-39.2456010000,-63.5987320000],
[-39.2462690000,-63.5952990000],
[-39.2471450000,-63.5919560000],
[-39.2481120000,-63.5886250000],
[-39.2490610000,-63.5853030000],
[-39.2500370000,-63.5819950000],
[-39.2510030000,-63.5786780000],
[-39.2519880000,-63.5753720000],
[-39.2528360000,-63.5720040000],
[-39.2534210000,-63.5685350000],
[-39.2542240000,-63.5651420000],
[-39.2552270000,-63.5618520000],
[-39.2562200000,-63.5585570000],
[-39.2570680000,-63.5551540000],
[-39.2580610000,-63.5518610000],
[-39.2597410000,-63.5490860000],
[-39.2616780000,-63.5465720000],
[-39.2636610000,-63.5440960000],
[-39.2654590000,-63.5413890000],
[-39.2670080000,-63.5383800000],
[-39.2692480000,-63.5365810000],
[-39.2719850000,-63.5357060000],
[-39.2747150000,-63.5353330000],
[-39.2774910000,-63.5354500000],
[-39.2802490000,-63.5355300000],
[-39.2830040000,-63.5351140000],
[-39.2857340000,-63.5343120000],
[-39.2880300000,-63.5325910000],
[-39.2897980000,-63.5297590000],
[-39.2909100000,-63.5265420000],
[-39.2916610000,-63.5231050000],
[-39.2924250000,-63.5196940000],
[-39.2931770000,-63.5162920000],
[-39.2939600000,-63.5129010000],
[-39.2947240000,-63.5094630000],
[-39.2956250000,-63.5061430000],
[-39.2969280000,-63.5030480000],
[-39.2984400000,-63.5000590000],
[-39.2997510000,-63.4969440000],
[-39.3010250000,-63.4938040000],
[-39.3023990000,-63.4907240000],
[-39.3039300000,-63.4877770000],
[-39.3054320000,-63.4848080000],
[-39.3067340000,-63.4816980000],
[-39.3078700000,-63.4784520000],
[-39.3089530000,-63.4751970000],
[-39.3099520000,-63.4718830000],
[-39.3110080000,-63.4694970000],
[-39.3129490000,-63.4659700000],
[-39.3144780000,-63.4630310000],
[-39.3157600000,-63.4598430000],
[-39.3165690000,-63.4564860000],
[-39.3167170000,-63.4529540000],
[-39.3167470000,-63.4510510000],
[-39.3167740000,-63.4493870000],
[-39.3170110000,-63.4458510000],
[-39.3173480000,-63.4423370000],
[-39.3178840000,-63.4388630000],
[-39.3185560000,-63.4354120000],
[-39.3191010000,-63.4319460000],
[-39.3193290000,-63.4284100000],
[-39.3196470000,-63.4248830000],
[-39.3200650000,-63.4213920000],
[-39.3203740000,-63.4178710000],
[-39.3205390000,-63.4143320000],
[-39.3206300000,-63.4107720000],
[-39.3206960000,-63.4072220000],
[-39.3206980000,-63.4036850000],
[-39.3204210000,-63.4001710000],
[-39.3194460000,-63.3968570000],
[-39.3180720000,-63.3937690000],
[-39.3179550000,-63.3893820000],
[-39.2959550000,-63.3910080000],
[-39.2239010000,-63.3909380000],
[-39.1518460000,-63.3908730000],
[-39.0987210000,-63.3908260000],
[-39.0797820000,-63.3908080000],
[-39.0077260000,-63.3907350000],
[-38.9356640000,-63.3906750000],
[-38.8636020000,-63.3906150000],
[-38.8398310000,-63.3905970000],
[-38.7999870000,-63.3905580000],
[-38.7915390000,-63.3905470000],
[-38.7194760000,-63.3904930000],
[-38.6474070000,-63.3904320000],
[-38.6159210000,-63.3904060000],
[-38.5753420000,-63.3903590000],
[-38.5032770000,-63.3903150000],
[-38.4312060000,-63.3902400000],
[-38.3591350000,-63.3901940000],
[-38.3265940000,-63.3901680000],
[-38.2870720000,-63.3901390000],
[-38.2566650000,-63.3901170000],
[-38.2150080000,-63.3900820000],
[-38.1960850000,-63.3900650000],
[-38.1429350000,-63.3900220000],
[-38.0708560000,-63.3899700000],
[-38.0077660000,-63.3939630000],
[-37.9389800000,-63.3938080000],
[-37.9356880000,-63.3937990000],
[-37.8636090000,-63.3936310000],
[-37.8082300000,-63.3935060000],
[-37.7967320000,-63.3934790000],
[-37.7915390000,-63.3934680000],
[-37.7715050000,-63.3934230000],
[-37.7205580000,-63.3933110000],
[-37.7194540000,-63.3933130000],
[-37.6473780000,-63.3931480000],
[-37.6315420000,-63.3931100000],
[-37.5753060000,-63.3929940000],
[-37.5032240000,-63.3928330000],
[-37.4449060000,-63.3926990000],
[-37.4311460000,-63.3926680000],
[-37.3590670000,-63.3925080000],
[-37.3232320000,-63.3924300000],
[-37.2869830000,-63.3923550000],
[-37.2693180000,-63.3923170000],
[-37.2149070000,-63.3922010000],
[-37.1674650000,-63.3921030000],
[-37.1428130000,-63.3920580000],
[-37.0707360000,-63.3918880000],
[-36.9994150000,-63.3917450000],
[-36.9986490000,-63.3917430000],
[-36.9265620000,-63.3915960000],
[-36.8544780000,-63.3914400000],
[-36.8132270000,-63.3913540000],
[-36.7823850000,-63.3912920000],
[-36.7702460000,-63.3912610000],
[-36.7103090000,-63.3911390000],
[-36.6789260000,-63.3910730000],
[-36.6382150000,-63.3909910000],
[-36.5661240000,-63.3908480000],
[-36.5545160000,-63.3908260000],
[-36.5321810000,-63.3907820000],
[-36.5129840000,-63.3907460000],
[-36.4940330000,-63.3907070000],
[-36.4219450000,-63.3905470000],
[-36.3640200000,-63.3904460000],
[-36.3498480000,-63.3904210000],
[-36.2777590000,-63.3902670000],
[-36.2056610000,-63.3901250000],
[-36.1335700000,-63.3899750000],
[-36.0937790000,-63.3898960000],
[-36.0614700000,-63.3898330000],
[-35.9988080000,-63.3878840000],
[-35.9733420000,-63.3882340000],
[-35.9296500000,-63.3888190000],
[-35.9129050000,-63.3889910000]]

